?rank,rid,costMoney,level,vip,nickname,clubName,combat,topHeroesCombat,online,lastOfflineTime,groupId
1, 435006_1006, 11926, 44, 13, 南宫大少, 高数, 89150, 128749, 0, 2019-12-03 22:44:12, Group_4
2, 427671_1006, 9542, 44, 12, 閣下眞鶸, 名人堂, 86031, 137784, 0, 2019-12-03 22:43:22, Group_1
3, 421718_1006, 9160, 44, 12, 红颜?怒, 高数, 86692, 128635, 1, 2019-12-03 21:45:10, Group_4
4, 430914_1006, 6440, 43, 11, 老九, 高数, 67814, 106306, 0, 2019-12-03 12:48:26, Group_4
5, 433653_1006, 5082, 44, 11, 丶总裁, 八神超玩会, 82535, 112374, 0, 2019-12-04 03:01:46, Group_3
6, 425906_1006, 3208, 41, 10, 凶残丨王者, 八神庵, 49094, 62203, 0, 2019-12-03 23:28:58, Group_3
7, 427387_1006, 3068, 30, 10, 天涯, 八神战队, 29375, 38001, 0, 2019-11-28 11:48:46, Group_2
8, 433191_1006, 3054, 34, 10, 血葬, 不知火舞, 36773, 54821, 0, 2019-11-28 13:26:12, Group_2
9, 412700_1006, 2984, 43, 10, 紧张丶香皂, 祖师殿, 65874, 97886, 0, 2019-12-04 00:25:24, Group_2
10, 421714_1006, 2730, 43, 9, 逍遥之, 高数, 68182, 97600, 0, 2019-12-04 03:33:51, Group_4
11, 430666_1006, 2668, 39, 9, 贪婪_斗士, 八神超玩会, 48482, 68724, 0, 2019-12-03 22:26:10, Group_3
12, 425421_1006, 2422, 42, 9, 暴力丨托马斯, 5, 56432, 87941, 0, 2019-12-03 21:50:20, Group_4
13, 390953_1006, 2210, 43, 8, 君少来袭, 八神超玩会, 69502, 100470, 0, 2019-12-04 01:58:07, Group_3
14, 429702_1006, 2070, 43, 8, 浪蹄子, 八神超玩会, 62131, 93199, 0, 2019-12-04 00:17:47, Group_3
15, 426022_1006, 1532, 42, 7, 柔弱_美人, 八神超玩会, 59845, 80027, 0, 2019-12-03 21:29:43, Group_3
16, 425855_1006, 1502, 44, 7, 微笑灬红人, 玉天宗, 64843, 102413, 0, 2019-12-04 01:41:54, Group_2
17, 432303_1006, 1356, 42, 7, 愤怒的凹凸曼, 高数, 55417, 81639, 0, 2019-12-04 01:03:55, Group_4
18, 429275_1006, 1252, 40, 7, 精悍X双子座, 名人堂, 41593, 59500, 0, 2019-12-04 03:09:42, Group_1
19, 418916_1006, 926, 43, 6, 酷酷的帅锅, 名人堂, 59998, 83612, 0, 2019-12-04 00:33:04, Group_1
20, 388069_1006, 920, 42, 6, 小魔王, 玉天宗, 51306, 74055, 0, 2019-12-03 23:10:05, Group_2
21, 427738_1006, 874, 42, 6, 灬楠楠, 高数, 54410, 79899, 0, 2019-12-03 09:29:32, Group_4
22, 421654_1006, 836, 43, 6, 恬淡X小强, 玉天宗, 55284, 78894, 0, 2019-12-04 02:26:54, Group_2
23, 429916_1006, 788, 36, 6, 小幻, 高数, 40379, 55969, 0, 2019-11-30 00:51:48, Group_4
24, 434687_1006, 662, 41, 5, 温和X, 玉天宗, 49901, 72492, 0, 2019-12-03 22:16:45, Group_2
25, 421433_1006, 636, 42, 5, 浪迹天涯, 不知火舞, 58282, 85579, 0, 2019-12-04 03:29:23, Group_2
26, 380821_1006, 604, 39, 5, 小无敌, 八神超玩会, 43856, 61756, 0, 2019-12-01 13:00:26, Group_3
27, 427265_1006, 574, 30, 5, 滑稽丶绘马, 冷眸, 24020, 31786, 0, 2019-11-27 10:19:29, Group_1
28, 426927_1006, 574, 34, 5, 大方的爪机党, 乐神, 29023, 40668, 0, 2019-11-30 13:48:49, Group_1
29, 422608_1006, 574, 40, 5, 恬淡之风圣, 你还是不是男, 42362, 59105, 0, 2019-12-03 22:33:26, Group_4
30, 430028_1006, 566, 40, 5, 超越_王者, 八神超玩会, 42112, 51548, 0, 2019-12-04 04:05:31, Group_3
31, 434937_1006, 546, 40, 5, 幸运X淑女, 神話, 43092, 57462, 0, 2019-12-04 02:36:41, Group_2
32, 427638_1006, 542, 42, 5, 小浩哥, 1, 46603, 70405, 0, 2019-12-03 21:52:36, Group_4
33, 414635_1006, 526, 42, 5, 静雨·书生, 哦啊, 44070, 64255, 0, 2019-12-03 23:58:23, Group_2
34, 426425_1006, 522, 26, 5, 竹青, 0, 20752, 27657, 0, 2019-11-26 22:09:59, Group_4
35, 433332_1006, 514, 41, 5, 三岁°, 高数, 52494, 70321, 0, 2019-12-03 23:20:45, Group_4
36, 431776_1006, 512, 41, 5, 堕落灬, 你还是不是男, 46567, 55807, 0, 2019-12-03 23:28:12, Group_4
37, 430716_1006, 510, 41, 5, 多情灬凹凸曼, 咔咔咔, 42768, 56900, 0, 2019-12-04 02:40:54, Group_4
38, 135979_1006, 508, 43, 5, 完美的小怪兽, 高数, 51815, 78027, 0, 2019-12-03 23:11:20, Group_4
39, 408164_1006, 508, 35, 5, 威风之红帽, 乐神, 35169, 49316, 0, 2019-11-29 15:34:07, Group_1
40, 428798_1006, 504, 42, 5, 海藍時見鯨, RAT, 48070, 69069, 0, 2019-12-03 15:12:14, Group_1
41, 424470_1006, 480, 40, 5, 元村打手, 1, 41416, 58598, 0, 2019-12-03 20:12:21, Group_4
42, 426097_1006, 478, 41, 5, 马库斯库兹马, 八神战队, 49579, 70587, 0, 2019-12-03 16:58:04, Group_2
43, 432029_1006, 476, 43, 5, 成二蛋, 八神超玩会, 53027, 81759, 0, 2019-12-03 22:39:13, Group_3
44, 420963_1006, 428, 43, 4, 小乐, 小乐乐, 57391, 85342, 0, 2019-12-04 03:44:57, Group_1
45, 428097_1006, 408, 37, 4, 惆怅灬天才, 高数, 36795, 48668, 0, 2019-12-01 06:53:51, Group_4
46, 432237_1006, 406, 42, 4, 阴暗_叉烧包, 高数, 48115, 69865, 0, 2019-12-04 01:12:39, Group_4
47, 424239_1006, 364, 42, 4, 孤独丶海盗, 八神庵, 49915, 72257, 0, 2019-12-04 00:46:20, Group_3
48, 430434_1006, 356, 41, 4, 九天琉璃, 黑夜降临, 47365, 66436, 0, 2019-12-04 01:27:18, Group_3
49, 427589_1006, 354, 39, 4, 灲亓丶, 名人堂, 43996, 64461, 0, 2019-12-02 19:42:02, Group_1
50, 434702_1006, 352, 24, 4, 猖獗_御风者, 温文儒雅, 16335, 19805, 0, 2019-11-26 17:36:07, Group_3
51, 428078_1006, 350, 38, 4, 快乐丨, 八神超玩会, 43407, 58540, 0, 2019-12-04 04:38:10, Group_3
52, 427458_1006, 348, 42, 4, 无聊灬浩浩, 鬼族, 45995, 66550, 0, 2019-12-03 22:36:07, Group_4
53, 423422_1006, 340, 41, 4, 魁梧之番番, 风风??飍飍, 44174, 57282, 0, 2019-12-03 15:24:12, Group_2
54, 434852_1006, 340, 40, 4, 纠结之煎蛋, 快快乐乐, 39214, 57600, 0, 2019-12-03 22:45:37, Group_1
55, 428823_1006, 336, 29, 4, 白鬼, 鬼族, 18063, 23003, 0, 2019-11-27 11:26:40, Group_4
56, 180401_1006, 336, 41, 4, 回忆·童年, 八神魔, 50089, 71852, 0, 2019-12-03 21:27:41, Group_2
57, 430528_1006, 332, 31, 4, 霸气欧巴, 0, 14390, 19068, 0, 2019-11-28 13:05:58, Group_1
58, 424141_1006, 330, 42, 4, 羞涩X冰女, 千鹤乱舞, 48145, 70733, 0, 2019-12-04 00:12:55, Group_1
59, 422034_1006, 324, 40, 4, 郁闷之欧巴, 高数, 36828, 56656, 0, 2019-12-03 22:42:31, Group_4
60, 435360_1006, 320, 41, 4, 未来灬耳朵, 名人堂, 49680, 72210, 0, 2019-12-03 21:04:21, Group_1
61, 432049_1006, 318, 39, 4, 丶宸宸, 刚刚, 40470, 61483, 0, 2019-12-03 21:28:15, Group_1
62, 109665_1006, 318, 41, 4, 优秀丶汉子, 高数, 40767, 58125, 0, 2019-12-03 22:51:50, Group_4
63, 428669_1006, 312, 36, 4, 霸气灬肥皂, 咔咔咔, 32849, 45045, 0, 2019-12-02 10:09:36, Group_4
64, 429241_1006, 308, 42, 4, 米九, 八神超玩会, 52544, 78363, 0, 2019-12-03 18:17:56, Group_3
65, 423383_1006, 306, 30, 4, 希斯莱杰丶, 0, 21883, 28822, 0, 2019-11-27 18:00:01, Group_1
66, 429367_1006, 306, 40, 4, 智慧丨天机, 冷眸, 36506, 56612, 0, 2019-12-04 01:36:49, Group_1
67, 421208_1006, 306, 41, 4, 少王, 名人堂, 47801, 71683, 0, 2019-12-04 03:24:02, Group_1
68, 433631_1006, 306, 42, 4, 强劲之美人, 名人堂, 51718, 79399, 0, 2019-12-03 21:45:24, Group_1
69, 431476_1006, 304, 40, 4, 文艺X小羚, 狼王兄弟军团, 43858, 56314, 0, 2019-12-03 21:11:47, Group_3
70, 426122_1006, 304, 42, 4, 褚橙, RAT, 54188, 77443, 0, 2019-12-04 01:09:58, Group_1
71, 430133_1006, 300, 42, 4, 死肥猫, 刚刚, 54420, 80226, 0, 2019-12-03 23:46:57, Group_1
72, 435022_1006, 294, 39, 4, 冰封的心, 神話, 36923, 56817, 0, 2019-12-03 11:25:19, Group_2
73, 436065_1006, 282, 41, 4, 南宫世子, 兄弟团, 47028, 60945, 0, 2019-12-04 01:40:06, Group_1
74, 12255_1006, 282, 39, 4, 气愤蜀黍, 强撸, 40432, 58165, 0, 2019-12-02 16:16:42, Group_4
75, 432393_1006, 280, 43, 4, 一轮江明月, 高数, 54484, 78366, 0, 2019-12-03 21:48:56, Group_4
76, 421225_1006, 268, 41, 4, 腼腆X宅男, *坤, 46140, 67074, 0, 2019-12-04 01:12:35, Group_4
77, 432836_1006, 264, 40, 4, 围观丨燕燕, 嘻嘻, 38802, 52912, 0, 2019-12-04 00:51:04, Group_1
78, 417620_1006, 264, 43, 4, 威武X红风, 高数, 56161, 77156, 0, 2019-12-04 00:11:04, Group_4
79, 426213_1006, 260, 41, 4, 火暴_大魔王, 洗洗睡, 43682, 63591, 0, 2019-12-03 15:45:36, Group_2
80, 409414_1006, 260, 40, 4, 柳修为, 高数, 44085, 57465, 0, 2019-12-04 00:09:29, Group_4
81, 431107_1006, 260, 42, 4, 胆大之基友, 八神超玩会, 50142, 73526, 0, 2019-12-04 01:06:01, Group_3
82, 435979_1006, 260, 41, 4, 强壮_大蛇, 快快乐乐, 45713, 64389, 0, 2019-12-03 22:04:32, Group_1
83, 427633_1006, 258, 41, 3, 丶猴子, 白竹, 36685, 54181, 0, 2019-12-04 00:25:43, Group_3
84, 430491_1006, 254, 41, 4, 傲慢八神, 鬼族, 41823, 57841, 0, 2019-12-03 22:39:15, Group_4
85, 423515_1006, 244, 30, 3, 傲慢X榴莲, 千鹤乱舞, 22176, 30722, 0, 2019-11-27 21:55:51, Group_1
86, 432076_1006, 234, 39, 3, 逸尘丿, 大蛇无双, 32714, 52986, 0, 2019-12-03 22:16:08, Group_2
87, 431402_1006, 232, 42, 3, _菜鸟, 小乐乐, 51637, 75119, 0, 2019-12-03 23:27:56, Group_1
88, 423219_1006, 232, 39, 3, 柔弱X小美女, 水花兄弟, 38667, 51793, 0, 2019-12-03 21:02:01, Group_1
89, 434466_1006, 226, 30, 3, 凶悍的基友, Hakuna, 18112, 22028, 0, 2019-11-28 11:41:36, Group_4
90, 359925_1006, 222, 43, 3, 勇猛_熊猫, 八神超玩会, 56379, 83307, 0, 2019-12-03 23:48:03, Group_3
91, 435998_1006, 220, 32, 3, 火神草薙京, 天哦zuou, 8739, 11671, 0, 2019-12-01 07:45:50, Group_1
92, 366870_1006, 220, 42, 3, 茉莉, 玉天宗, 51548, 73275, 0, 2019-12-03 21:13:38, Group_2
93, 435377_1006, 220, 42, 3, 霜之哀伤, 高数, 52796, 69686, 0, 2019-12-03 22:20:38, Group_4
94, 433905_1006, 214, 40, 3, 。伟大^O^的, 名人堂, 42096, 60829, 0, 2019-12-03 22:20:51, Group_1
95, 433701_1006, 208, 40, 3, 秋泪, 刚刚, 41276, 56131, 0, 2019-12-03 22:32:14, Group_1
96, 435361_1006, 204, 27, 3, 碉堡丶猴子, 咔咔咔, 16437, 20855, 0, 2019-11-27 13:17:36, Group_4
97, 429360_1006, 204, 35, 3, 残暴丶, 南风, 30514, 41570, 0, 2019-11-29 10:19:04, Group_2
98, 425923_1006, 198, 40, 3, 圣宇光之创造神, 南风, 38162, 56405, 0, 2019-12-03 22:07:48, Group_2
99, 426555_1006, 190, 41, 3, 倾城的大魔王, 撕裂, 37441, 51270, 0, 2019-12-04 00:13:15, Group_3
100, 416952_1006, 190, 41, 3, 多情的龙龙, 哦啊, 38878, 53962, 1, 2019-12-02 21:11:25, Group_2
101, 423046_1006, 188, 30, 3, 逆天之番茄, 0, 9487, 13429, 0, 2019-12-04 01:10:28, Group_3
102, 431003_1006, 174, 35, 3, 之小怪兽, 神話, 27814, 41242, 0, 2019-12-02 06:25:12, Group_2
103, 435836_1006, 168, 41, 3, 月亮?组合, 八神超玩会, 52224, 72047, 0, 2019-12-04 00:18:24, Group_3
104, 292705_1006, 164, 24, 3, 兴奋之强盗, 不知火舞, 13600, 17152, 0, 2019-11-26 19:35:01, Group_2
105, 433525_1006, 164, 42, 3, 大惡司, 祖师殿, 45599, 68096, 0, 2019-12-04 00:13:26, Group_2
106, 424846_1006, 162, 34, 3, 野蛮丶青青, 0, 22504, 29751, 0, 2019-12-01 14:51:22, Group_4
107, 424820_1006, 162, 39, 3, 爆个碧萝妹, 强撸, 39203, 50979, 0, 2019-12-03 19:11:59, Group_4
108, 420904_1006, 162, 42, 3, 耀眼灬围观党, 高数, 57421, 75852, 0, 2019-12-04 01:54:44, Group_4
109, 427463_1006, 162, 41, 3, 深圳最靓的仔, 高数, 42581, 52484, 0, 2019-12-04 02:23:18, Group_4
110, 83737_1006, 160, 27, 3, 二狗, 不知火舞, 15704, 20210, 0, 2019-11-27 10:02:43, Group_2
111, 272773_1006, 156, 32, 3, 丶酒徒, 你还是不是男, 17820, 24028, 0, 2019-11-29 08:52:04, Group_4
112, 433116_1006, 156, 40, 3, 大胆丶魔王, 大蛇无双, 39169, 51851, 0, 2019-12-02 09:36:34, Group_2
113, 420744_1006, 156, 36, 3, 鱼丸, 哦啊, 25993, 36717, 0, 2019-12-04 02:34:34, Group_2
114, 435249_1006, 156, 37, 3, 狂野丨哈密瓜, 天神主宰、, 32869, 46694, 0, 2019-12-03 20:15:09, Group_1
115, 431607_1006, 156, 42, 3, 二次元丨, 八神超玩会, 50611, 72040, 0, 2019-12-03 23:26:00, Group_3
116, 431619_1006, 156, 42, 3, 帅气丶总督, 名人堂, 55227, 79859, 0, 2019-12-03 23:56:10, Group_1
117, 435773_1006, 156, 39, 3, 进击丶天秤座, 我问心无愧, 37816, 53918, 0, 2019-12-03 18:08:39, Group_2
118, 391193_1006, 154, 40, 3, _小美女, 玉天宗, 38198, 52699, 0, 2019-12-03 21:46:37, Group_2
119, 422697_1006, 154, 38, 3, 傲娇丶毅哥, 玉天宗, 29732, 50177, 0, 2019-12-03 21:33:27, Group_2
120, 5363_1006, 154, 43, 3, 野蛮, 强撸, 48005, 66412, 0, 2019-12-04 03:16:08, Group_4
121, 424468_1006, 150, 40, 3, 音乐家, 水火不容, 43043, 59755, 0, 2019-12-03 17:35:55, Group_4
122, 431366_1006, 150, 41, 3, 绥棱刘德华, 高数, 41214, 54060, 0, 2019-12-03 21:24:58, Group_4
123, 430287_1006, 150, 36, 3, 骄傲X强哥, 冷眸, 32369, 46239, 0, 2019-12-03 12:43:03, Group_1
124, 430228_1006, 150, 40, 3, 困倦X德古拉, 04, 41908, 61484, 0, 2019-12-03 20:25:28, Group_2
125, 431249_1006, 150, 42, 3, 残暴丶宅男, 刘新宇潘爽, 52060, 73102, 0, 2019-12-04 00:29:07, Group_3
126, 303668_1006, 148, 41, 3, 精明丶燕燕, 白竹, 42929, 57216, 0, 2019-12-03 10:01:59, Group_3
127, 430526_1006, 144, 41, 3, 时髦之嬉皮士, 大蛇无双, 47264, 60854, 0, 2019-12-03 23:14:37, Group_2
128, 430547_1006, 144, 37, 3, 大蛇, 鬼族, 35827, 51901, 0, 2019-12-02 23:21:29, Group_4
129, 421972_1006, 144, 42, 3, _小虾米, 名人堂, 49383, 75356, 0, 2019-12-03 22:53:07, Group_1
130, 430084_1006, 142, 41, 3, 调皮丶小虾米, 南风, 40178, 52639, 0, 2019-12-03 23:52:56, Group_2
131, 422352_1006, 138, 39, 3, 时髦的浩浩, 南风, 34112, 46192, 1, 2019-12-04 04:17:20, Group_2
132, 427208_1006, 138, 41, 3, 蘼觞, 不知火舞, 44904, 56161, 0, 2019-12-03 12:59:49, Group_2
133, 180628_1006, 138, 42, 3, 拳头, 鬼族, 39837, 59000, 0, 2019-12-04 00:42:02, Group_4
134, 430353_1006, 138, 42, 3, 天下乌鸦一般黑, 八神超玩会, 53312, 77982, 0, 2019-12-03 18:29:57, Group_3
135, 425073_1006, 138, 42, 3, 绿叶的狼王, 高数, 53441, 80631, 0, 2019-12-03 22:44:18, Group_4
136, 424273_1006, 132, 41, 3, 老姜, 玉天宗, 49354, 69156, 0, 2019-12-04 02:56:00, Group_2
137, 430652_1006, 132, 38, 3, 旧尘, 刚刚, 35786, 54743, 0, 2019-12-04 01:44:22, Group_1
138, 428067_1006, 132, 38, 3, 可爱_蜀黍, 洗洗睡, 28220, 42127, 0, 2019-12-04 02:45:22, Group_2
139, 105329_1006, 132, 42, 3, 湮灭, 梦之队, 42031, 58725, 0, 2019-12-03 23:58:18, Group_4
140, 424599_1006, 130, 41, 3, Golden, 名人堂, 41722, 60614, 0, 2019-12-03 22:47:48, Group_1
141, 431478_1006, 128, 33, 3, 动人丶狼族, 八神魔, 20632, 27794, 0, 2019-11-29 18:13:37, Group_2
142, 434155_1006, 128, 31, 3, 坚强X狼女, 魔门, 17103, 23055, 0, 2019-11-28 18:13:03, Group_4
143, 428368_1006, 126, 40, 3, 秀逗丶午夜党, 高数, 36129, 52150, 0, 2019-12-03 23:06:10, Group_4
144, 424632_1006, 126, 42, 3, 狼道, 玉天宗, 53042, 75351, 0, 2019-12-04 03:07:59, Group_2
145, 431591_1006, 126, 38, 3, 活跃之宸宸, 小乐乐, 37374, 53000, 0, 2019-12-03 00:28:34, Group_1
146, 365536_1006, 126, 40, 3, 心碎_黑道, 狼王兄弟军团, 36872, 54765, 0, 2019-12-03 23:49:14, Group_3
147, 424643_1006, 124, 28, 3, 坦荡爱美人, 不知火舞, 14948, 18442, 0, 2019-11-27 08:48:24, Group_2
148, 422918_1006, 124, 37, 3, 高傲灬小舞, 八神魔, 23499, 37955, 0, 2019-12-03 19:54:24, Group_2
149, 428609_1006, 120, 34, 3, 幸运灬八酱, 白竹, 19777, 28746, 0, 2019-12-01 09:56:50, Group_3
150, 434023_1006, 120, 38, 3, 失常丶太阳, 快快乐乐, 34162, 46643, 0, 2019-12-03 18:15:44, Group_1
151, 421098_1006, 120, 43, 3, 悲伤_狼人, 梦之队, 45865, 69908, 0, 2019-12-04 02:38:21, Group_4
152, 430699_1006, 120, 41, 3, 强硬的烙印者, 嘻嘻, 39956, 51467, 0, 2019-12-03 21:39:48, Group_1
153, 430883_1006, 120, 41, 3, 神圣丨草莓, 高数, 44442, 53017, 0, 2019-12-04 03:05:04, Group_4
154, 64044_1006, 118, 30, 3, 无语丶女仆, 0, 13561, 17050, 0, 2019-12-01 19:22:50, Group_4
155, 425472_1006, 114, 33, 3, Aaronxx, 不知火舞, 22228, 27460, 0, 2019-11-29 13:01:10, Group_2
156, 432761_1006, 114, 41, 3, 唏嘘丶酒徒, 八神超玩会, 42264, 60407, 0, 2019-12-03 12:11:09, Group_3
157, 433122_1006, 114, 41, 3, 丶香蕉, 名人堂, 49109, 70575, 0, 2019-12-03 21:19:50, Group_1
158, 431584_1006, 114, 39, 3, 丶宅男, *坤, 35169, 46859, 0, 2019-12-02 14:08:21, Group_4
159, 433725_1006, 114, 41, 3, 黑暗灬狼王, 玉天宗, 44347, 63218, 0, 2019-12-03 21:09:59, Group_2
160, 424418_1006, 112, 41, 3, 残酷_, 咔咔咔, 41003, 55127, 0, 2019-12-03 14:52:40, Group_4
161, 214702_1006, 108, 34, 3, 无情丶, 白竹, 27801, 41857, 0, 2019-11-29 12:14:30, Group_3
162, 421487_1006, 108, 42, 3, 伤心总督, 梦之队, 49695, 67769, 0, 2019-12-03 21:50:04, Group_4
163, 421206_1006, 102, 35, 3, 重庆、吴彦祖, 0, 18342, 28398, 0, 2019-12-02 15:42:51, Group_3
164, 421329_1006, 102, 29, 3, 白竹, 白竹, 15144, 20996, 0, 2019-11-28 07:46:17, Group_3
165, 435443_1006, 102, 37, 3, 萧炎…, 祖师殿, 31308, 46023, 0, 2019-12-01 05:35:49, Group_2
166, 431983_1006, 102, 36, 3, 嚣张丶火炮, 我问心无愧, 22794, 33443, 0, 2019-12-01 16:31:58, Group_2
167, 432595_1006, 102, 32, 3, 无人问津丶, 刚刚, 20779, 30329, 0, 2019-12-03 22:59:01, Group_1
168, 420900_1006, 102, 42, 3, 名人堂｜老李, 名人堂, 51685, 79159, 0, 2019-12-04 04:26:10, Group_1
169, 433419_1006, 102, 41, 3, 回忆, 八神战队, 48768, 65760, 0, 2019-12-03 21:58:35, Group_2
170, 430822_1006, 102, 41, 3, 拔尖的企鹅, 南风, 45433, 61267, 0, 2019-12-03 22:27:21, Group_2
171, 432568_1006, 102, 42, 3, 蚊帐里的骑兵, 我问心无愧, 46481, 68399, 0, 2019-12-03 23:35:58, Group_2
172, 433123_1006, 98, 7, 2, 活跃丨国宝, 0, 2381, 2366, 0, 2019-11-26 12:45:26, 
173, 424381_1006, 96, 29, 3, 寂寞, 0, 14980, 19265, 0, 2019-11-27 22:01:07, Group_1
174, 424011_1006, 96, 42, 3, 妹哥来自广东, 玉天宗, 50039, 66618, 0, 2019-12-04 00:48:18, Group_2
175, 424607_1006, 96, 41, 3, 石鼓仔, 白竹, 37715, 53117, 0, 2019-12-03 23:57:49, Group_3
176, 411258_1006, 96, 41, 3, 面瘫, 玉天宗, 47124, 63380, 0, 2019-12-03 21:19:40, Group_2
177, 431527_1006, 96, 36, 3, 沉默丶, 鬼族, 26145, 36106, 0, 2019-12-02 21:59:10, Group_4
178, 426175_1006, 96, 40, 3, 无趣的, 祖师殿, 35675, 54795, 0, 2019-12-03 10:07:44, Group_2
179, 382811_1006, 96, 40, 3, 拔尖丶, 你还是不是男, 31569, 42299, 0, 2019-12-04 00:08:22, Group_4
180, 429811_1006, 96, 41, 3, 霸气X魔蝎座, 八神魔, 40130, 58055, 0, 2019-12-03 19:06:52, Group_2
181, 427758_1006, 96, 42, 3, 啊孤, 八神超玩会, 48841, 66068, 0, 2019-12-04 00:44:38, Group_3
182, 424285_1006, 96, 39, 3, 牛马会长, 哦啊, 38553, 56806, 0, 2019-12-03 19:05:07, Group_2
183, 422443_1006, 96, 42, 3, 丨德古拉, 名人堂, 49008, 71665, 0, 2019-12-04 04:48:10, Group_1
184, 435733_1006, 96, 41, 3, 丶栗子, 八神超玩会, 44972, 63614, 0, 2019-12-04 02:09:35, Group_3
185, 427427_1006, 96, 42, 3, 打鸣的大几几, 名人堂, 51644, 71776, 0, 2019-12-04 03:01:04, Group_1
186, 422233_1006, 94, 20, 2, 浑厚灬帅帅, 0, 3887, 4459, 0, 2019-11-29 16:28:04, Group_4
187, 422893_1006, 90, 24, 2, 帅气复读机, 0, 14406, 18471, 0, 2019-11-26 13:02:35, Group_4
188, 426263_1006, 90, 23, 2, 凹凸曼, 0, 8205, 10077, 0, 2019-11-26 23:15:47, Group_4
189, 434706_1006, 90, 25, 2, 动人X浩浩, 八尺琼楼, 11575, 13516, 0, 2019-11-27 00:01:24, Group_3
190, 424400_1006, 90, 32, 2, 折翼的猴王, 风风??飍飍, 20433, 29563, 0, 2019-11-29 10:04:51, Group_2
191, 428503_1006, 90, 42, 3, 好强之飞飞, 高数, 48084, 63862, 0, 2019-12-04 00:11:05, Group_4
192, 429723_1006, 90, 34, 3, 折翼斗士, 5, 26249, 34606, 0, 2019-11-30 12:08:14, Group_4
193, 427695_1006, 90, 40, 3, 小浪, 白竹, 36120, 55147, 0, 2019-12-03 20:43:24, Group_3
194, 430839_1006, 90, 42, 3, 赵兄, 玉天宗, 50230, 73362, 0, 2019-12-04 00:23:39, Group_2
195, 431681_1006, 90, 41, 3, 爽直X哈密瓜, 冠军?, 43867, 64945, 0, 2019-12-04 02:00:48, Group_1
196, 433165_1006, 90, 39, 3, 耀眼灬狮子座, 小乐乐, 38136, 56425, 0, 2019-12-03 21:33:20, Group_1
197, 429619_1006, 90, 42, 3, 克里斯, 名人堂, 53137, 77768, 0, 2019-12-04 00:43:22, Group_1
198, 422711_1006, 88, 10, 2, 大胆丶总旗, 0, 3000, 3369, 0, 2019-11-26 08:25:41, 
199, 418455_1006, 88, 23, 2, 绝望_, 鬼族, 11200, 13643, 0, 2019-11-26 17:06:33, Group_4
200, 428659_1006, 88, 39, 3, 幽默小怪兽, 八尺琼楼, 25556, 41821, 0, 2019-12-03 23:08:13, Group_3
201, 420440_1006, 84, 23, 2, 空虚的大菠萝, 水花兄弟, 9050, 11174, 0, 2019-11-26 23:23:00, Group_1
202, 429633_1006, 84, 40, 3, 凶悍_凌凌漆, uuu, 34396, 51562, 0, 2019-12-03 22:26:58, Group_3
203, 423020_1006, 84, 41, 3, 怒指乾坤错, 八神超玩会, 39587, 61822, 0, 2019-12-03 20:21:44, Group_3
204, 430813_1006, 84, 41, 3, 八咫乌, 名人堂, 40486, 61870, 0, 2019-12-04 00:29:38, Group_1
205, 435674_1006, 84, 40, 3, 惆怅丶达人, 烈焰, 37141, 55991, 0, 2019-12-03 17:30:03, Group_2
206, 421872_1006, 84, 42, 3, 优秀, 名人堂, 51408, 68882, 0, 2019-12-03 21:15:58, Group_1
207, 431921_1006, 84, 42, 3, 纠结灬狼族, 名人堂, 44847, 69872, 0, 2019-12-03 23:13:31, Group_1
208, 427430_1006, 84, 40, 3, 祖安狂人, 刚刚, 43886, 63346, 0, 2019-12-04 00:19:07, Group_1
209, 436016_1006, 78, 29, 2, 丢妮西姑大姐嗨, Hakuna, 15752, 21105, 0, 2019-11-27 18:58:35, Group_4
210, 426971_1006, 78, 41, 3, 纠结之肥皂, 你还是不是男, 42701, 59415, 0, 2019-12-03 22:40:41, Group_4
211, 432283_1006, 78, 39, 3, 天道, 水花兄弟, 28080, 38065, 0, 2019-12-04 02:24:17, Group_1
212, 430630_1006, 78, 39, 3, 逍遥丶女仆, 白竹, 36966, 49845, 0, 2019-12-03 16:35:43, Group_3
213, 432075_1006, 78, 40, 3, 逍遥大魔王, 水花兄弟, 36821, 58097, 0, 2019-12-03 23:10:05, Group_1
214, 429924_1006, 78, 36, 2, 勇猛灬, 水花兄弟, 22681, 31242, 0, 2019-12-02 21:25:34, Group_1
215, 425031_1006, 72, 28, 2, 虎鳕鲸, 兄弟团, 11750, 14928, 0, 2019-11-29 09:02:04, Group_1
216, 424626_1006, 72, 40, 3, 长寿丨小元, 八尺琼楼, 37849, 54142, 0, 2019-12-03 16:17:03, Group_3
217, 426260_1006, 72, 39, 3, 爽快灬白富美, 汇编成册不会, 34175, 53077, 0, 2019-12-03 19:09:09, Group_3
218, 294905_1006, 66, 23, 2, 镇定丨红帽, killer, 11508, 13432, 0, 2019-11-26 20:49:04, Group_3
219, 430579_1006, 66, 24, 2, 骄横_, 南风, 9729, 11977, 0, 2019-11-26 17:49:57, Group_2
220, 433548_1006, 66, 28, 2, 草雞, 强烈队伍, 14797, 21445, 0, 2019-11-27 12:49:14, Group_2
221, 434646_1006, 66, 30, 2, 得意丨凌凌漆, killer, 13096, 15256, 0, 2019-11-28 13:07:43, Group_3
222, 423294_1006, 66, 31, 2, 传说丶, 0, 12588, 16154, 0, 2019-11-30 10:58:12, Group_3
223, 421177_1006, 66, 34, 2, 偶系渣渣灰, 八神魔, 23886, 32276, 0, 2019-11-29 23:58:16, Group_2
224, 431359_1006, 66, 38, 2, 素颜丶, 八神超玩会, 30213, 37944, 0, 2019-12-03 21:00:43, Group_3
225, 430956_1006, 66, 40, 2, 野蛮_伪装者, 八神超玩会, 41185, 60134, 0, 2019-12-03 23:29:07, Group_3
226, 417063_1006, 66, 40, 2, 散漫丶小清新, 04, 36176, 48836, 0, 2019-12-03 23:23:32, Group_2
227, 427036_1006, 60, 27, 2, 恶魔, 祖师殿, 13246, 19617, 0, 2019-11-27 23:32:19, Group_2
228, 416416_1006, 60, 20, 2, 九度, 0, 8187, 9691, 0, 2019-11-26 11:37:26, Group_3
229, 392964_1006, 60, 30, 2, 左耳星, 0, 13632, 17586, 0, 2019-11-28 10:27:04, Group_2
230, 417721_1006, 60, 34, 2, 好强之电猫, 汇编成册不会, 16639, 21625, 0, 2019-12-01 19:03:49, Group_3
231, 306771_1006, 60, 23, 2, 丨火炮, 0, 8644, 9346, 0, 2019-11-26 18:51:57, Group_1
232, 422561_1006, 60, 28, 2, 空虚的战神, 汇编成册不会, 13996, 18704, 0, 2019-11-29 22:27:58, Group_3
233, 425167_1006, 60, 42, 2, 动人丨帅锅, 温文儒雅, 38013, 54443, 0, 2019-12-03 21:14:34, Group_3
234, 425422_1006, 60, 26, 2, 孤独丶, 天神主宰、, 11846, 15115, 0, 2019-11-27 07:23:22, Group_1
235, 434903_1006, 60, 40, 2, 夜風, 八神魔, 30524, 47740, 0, 2019-12-03 22:10:28, Group_2
236, 389338_1006, 60, 41, 2, 1992, 来吧！, 40984, 60320, 0, 2019-12-03 22:14:54, Group_3
237, 431971_1006, 60, 42, 2, 爆炸脑壳, 黑夜降临, 34560, 55528, 0, 2019-12-03 20:25:54, Group_3
238, 433424_1006, 60, 41, 2, *牛, 八神超玩会, 43338, 61273, 0, 2019-12-04 01:08:01, Group_3
239, 421348_1006, 60, 41, 2, 圆滑的灰机, *坤, 37388, 54182, 0, 2019-12-03 22:18:23, Group_4
240, 422326_1006, 60, 42, 2, 大方之红领巾, 刘新宇潘爽, 48599, 71558, 0, 2019-12-04 01:36:03, Group_3
241, 429759_1006, 60, 42, 2, 凌乱灬小帅哥, 高数, 47370, 69095, 0, 2019-12-03 19:17:04, Group_4
242, 431880_1006, 60, 40, 2, 流云丶, 玉天宗, 38334, 54600, 0, 2019-12-04 00:59:25, Group_2
243, 428007_1006, 60, 42, 2, 方鑫鑫鑫鑫鑫, 八神超玩会, 41212, 55710, 0, 2019-12-03 23:02:28, Group_3
244, 434227_1006, 60, 42, 2, 打打打打劫, 名人堂, 50730, 71628, 0, 2019-12-03 22:41:01, Group_1
245, 436053_1006, 60, 42, 2, 开心灬小妞, 名人堂, 50994, 79217, 0, 2019-12-03 21:48:55, Group_1
246, 429964_1006, 60, 37, 2, 我是***, 不知火舞, 24164, 38416, 0, 2019-12-03 13:01:56, Group_2
247, 423976_1006, 60, 40, 2, 诉影, 乐神, 36880, 54461, 0, 2019-12-03 21:53:37, Group_1
248, 424969_1006, 60, 41, 2, 妖霸, 天神主宰、, 44449, 65859, 0, 2019-12-03 23:14:53, Group_1
249, 430925_1006, 60, 42, 2, 绝世武功, *坤, 44199, 66038, 0, 2019-12-04 04:10:47, Group_4
250, 428448_1006, 54, 25, 2, 亮眼灬斯巴达, 0, 13325, 13971, 0, 2019-11-26 22:55:28, Group_3
251, 415361_1006, 54, 34, 2, 嘻哈X小黄瓜, 0, 28029, 37639, 0, 2019-11-29 14:40:41, Group_1
252, 423145_1006, 54, 39, 2, 大胆_阳阳, 天神主宰、, 33467, 45834, 0, 2019-12-01 21:58:58, Group_1
253, 432901_1006, 54, 42, 2, 社会你轩哥, 八神超玩会, 47699, 64848, 0, 2019-12-03 23:36:11, Group_3
254, 434655_1006, 54, 41, 2, 万般皆可盘, 高数, 39105, 52216, 0, 2019-12-04 02:03:01, Group_4
255, 435026_1006, 54, 41, 2, 冰帝灬之星, killer, 41898, 58144, 0, 2019-12-04 01:17:15, Group_3
256, 433518_1006, 54, 41, 2, 往事随风, 玉天宗, 46341, 66389, 0, 2019-12-03 23:15:33, Group_2
257, 428682_1006, 54, 40, 2, 乐观丨火神, killer, 38030, 52649, 0, 2019-12-03 23:52:01, Group_3
258, 429993_1006, 54, 41, 2, 犀利之草莓, 神話, 34981, 51047, 0, 2019-12-03 23:44:39, Group_2
259, 424682_1006, 54, 41, 2, 野*, 汇编成册不会, 40202, 51744, 0, 2019-12-03 13:03:28, Group_3
260, 425573_1006, 54, 41, 2, 苏格灬烈, 玉天宗, 39254, 53363, 0, 2019-12-03 23:10:31, Group_2
261, 429038_1006, 54, 37, 2, 狂热_, 04, 30407, 45175, 0, 2019-12-04 01:13:31, Group_2
262, 432671_1006, 54, 38, 2, 过把感情瘾, killer, 35966, 48762, 0, 2019-12-03 15:36:41, Group_3
263, 427439_1006, 48, 34, 2, 孤独，行者, 南风, 26420, 39768, 0, 2019-11-29 10:46:12, Group_2
264, 429747_1006, 48, 35, 2, 野蛮丨洛神, RAT, 29389, 38968, 0, 2019-11-29 14:10:35, Group_1
265, 435770_1006, 48, 40, 2, 郝有肉丶, 神話, 38711, 54930, 0, 2019-12-03 15:58:45, Group_2
266, 423414_1006, 48, 24, 2, 逆袭丨哈密瓜, 0, 8987, 11040, 0, 2019-11-29 00:00:00, Group_2
267, 432256_1006, 48, 41, 2, 七杀丶飞, 0, 35649, 48591, 0, 2019-12-03 20:50:33, Group_2
268, 435477_1006, 48, 37, 2, 自傲X, 水花兄弟, 23302, 33680, 1, 2019-12-03 22:42:19, Group_1
269, 434492_1006, 48, 31, 2, 艾夏拉, 你还是不是男, 17554, 22153, 0, 2019-11-29 13:18:03, Group_4
270, 422933_1006, 48, 33, 2, 帅气_汉子, 1, 20593, 28344, 0, 2019-11-30 10:56:58, Group_4
271, 95138_1006, 48, 37, 2, 痞子冰, 南风, 23780, 37062, 0, 2019-12-03 12:35:43, Group_2
272, 431519_1006, 48, 31, 2, 残忍之龙哥, 魔门, 18380, 23509, 0, 2019-11-30 19:56:43, Group_4
273, 384820_1006, 48, 40, 2, 热情灬路路, 我问心无愧, 34743, 49008, 0, 2019-12-03 19:09:48, Group_2
274, 433557_1006, 48, 35, 2, 素颜_晗晗, *坤, 23665, 33547, 0, 2019-12-03 11:38:37, Group_4
275, 423949_1006, 48, 33, 2, 丶静音, 哦啊, 15844, 23676, 0, 2019-12-03 23:01:37, Group_2
276, 426790_1006, 42, 25, 2, 林哥, 不知火舞, 13412, 15858, 0, 2019-11-27 10:24:55, Group_2
277, 162199_1006, 42, 24, 2, 活跃丨小红帽, 0, 11099, 11033, 0, 2019-11-26 12:10:07, Group_3
278, 433648_1006, 42, 24, 2, 调皮之哈密瓜, 0, 12577, 14562, 0, 2019-11-26 16:35:22, Group_4
279, 427988_1006, 42, 31, 2, 水滴丨红狼, 祖师殿, 17467, 22215, 0, 2019-11-28 11:06:06, Group_2
280, 431536_1006, 42, 38, 2, 狂野战, 高数, 36041, 47870, 0, 2019-12-02 12:15:50, Group_4
281, 426473_1006, 42, 42, 2, 那一夜De温柔, 八神超玩会, 45463, 68959, 0, 2019-12-03 23:12:56, Group_3
282, 90346_1006, 42, 42, 2, 元气X铁拳, 梦之队, 40261, 60306, 0, 2019-12-04 02:08:58, Group_4
283, 426500_1006, 42, 40, 2, 黑粗长硬, 温文儒雅, 34127, 52717, 0, 2019-12-03 21:15:41, Group_3
284, 405166_1006, 42, 40, 2, 虚无缥缈, 水火不容, 35797, 55081, 0, 2019-12-03 20:33:53, Group_4
285, 423591_1006, 42, 36, 2, 快活的, 哦啊, 27438, 42207, 0, 2019-12-03 08:18:11, Group_2
286, 431674_1006, 42, 40, 2, 高傲_二娃, 大蛇无双, 38508, 54704, 0, 2019-12-04 00:23:17, Group_2
287, 428515_1006, 42, 39, 2, 要你命三千, uuu, 36011, 55654, 0, 2019-12-03 09:16:17, Group_3
288, 422772_1006, 42, 39, 2, 倾城, 千鹤乱舞, 34407, 46515, 0, 2019-12-03 07:34:05, Group_1
289, 421109_1006, 36, 28, 2, 摩登丶洛神, 0, 11722, 14801, 0, 2019-11-28 00:50:13, Group_1
290, 421596_1006, 36, 25, 2, 哀伤之正太控, 刘新宇潘爽, 12575, 14719, 0, 2019-11-26 22:30:20, Group_3
291, 249270_1006, 36, 41, 2, 夜生活, 天神主宰、, 38995, 48928, 0, 2019-12-03 09:05:30, Group_1
292, 424948_1006, 36, 33, 2, 散漫_正太控, 八神庵, 13216, 16561, 0, 2019-12-03 08:36:07, Group_3
293, 428494_1006, 36, 24, 2, 彪悍丶, 0, 11914, 13630, 0, 2019-11-26 14:09:04, Group_3
294, 399141_1006, 36, 24, 2, kiss落幕, 0, 10767, 13435, 0, 2019-11-26 14:09:50, Group_1
295, 419048_1006, 36, 29, 2, 缘来丶系妳, 不知火舞, 15316, 19244, 0, 2019-11-27 15:26:03, Group_2
296, 428901_1006, 36, 40, 2, 狡猾X手残党, 5, 32958, 47668, 0, 2019-12-03 16:11:50, Group_4
297, 434864_1006, 36, 34, 2, 泪奔_欧巴, 强烈队伍, 21412, 29332, 0, 2019-12-02 07:03:59, Group_2
298, 430767_1006, 36, 36, 2, 未来领主, uuu, 24499, 37902, 0, 2019-12-03 20:12:04, Group_3
299, 432291_1006, 36, 25, 2, 粗鲁之桐桐, 南风, 13198, 14316, 0, 2019-11-26 22:50:29, Group_2
300, 428455_1006, 36, 28, 2, 大蛇的*老蛇, 1, 12683, 15904, 0, 2019-11-28 22:44:10, Group_4
301, 421010_1006, 36, 42, 2, 暗黑｜双子座, 刘新宇潘爽, 39526, 57788, 0, 2019-12-03 22:14:01, Group_3
302, 431517_1006, 36, 25, 2, 野蛮_白羊座, 南风, 13463, 16794, 0, 2019-11-27 00:11:08, Group_2
303, 421735_1006, 36, 37, 2, 火暴_, 撕裂, 23820, 37356, 0, 2019-12-03 07:51:04, Group_3
304, 429197_1006, 36, 36, 2, 孤独丶签到党, 1, 18312, 24869, 0, 2019-12-02 12:32:59, Group_4
305, 422633_1006, 36, 24, 2, 贪睡灬总裁, 0, 10539, 13913, 0, 2019-11-27 05:00:29, Group_1
306, 423015_1006, 36, 35, 2, 罪魁祸首, 梦之队, 25616, 33335, 0, 2019-12-01 22:37:24, Group_4
307, 432325_1006, 36, 39, 2, 迷人丨女仆, 狼王兄弟军团, 30014, 45892, 0, 2019-12-03 09:10:33, Group_3
308, 431621_1006, 36, 30, 2, 幸运灬马甲, 水花兄弟, 15226, 23933, 0, 2019-11-28 07:43:47, Group_1
309, 428631_1006, 36, 32, 2, 厉害的人, 不知火舞, 19293, 26656, 0, 2019-11-28 20:27:18, Group_2
310, 431833_1006, 36, 33, 2, 之红人, 04, 16839, 25037, 0, 2019-12-03 08:52:28, Group_2
311, 431378_1006, 36, 39, 2, 小叮当, 来吧！, 31551, 45702, 0, 2019-12-03 09:35:32, Group_3
312, 427312_1006, 36, 42, 2, 得意之天才, 04, 45988, 64593, 0, 2019-12-03 22:19:49, Group_2
313, 435945_1006, 36, 40, 2, 疯狂_手抓饼, 快快乐乐, 34100, 45605, 0, 2019-12-03 19:23:27, Group_1
314, 428012_1006, 36, 41, 2, 中二灬手残党, 南风, 39206, 55525, 0, 2019-12-03 23:24:33, Group_2
315, 228105_1006, 36, 38, 2, 骄傲丶红风, 刘新宇潘爽, 31170, 50332, 0, 2019-12-04 02:07:26, Group_3
316, 427547_1006, 36, 38, 2, 幽默之, 八神战队, 36792, 54640, 0, 2019-12-03 17:34:41, Group_2
317, 435305_1006, 36, 30, 2, 殇。, 玉天宗, 15109, 17313, 0, 2019-12-03 11:07:54, Group_2
318, 427576_1006, 36, 32, 2, 顽皮_番番, 咔咔咔, 15542, 19227, 0, 2019-11-30 09:22:35, Group_4
319, 428873_1006, 36, 40, 2, 精悍的龙龙, 1, 40686, 55073, 0, 2019-12-02 21:26:49, Group_4
320, 421298_1006, 36, 40, 2, 碉堡_蛋炒饭, 名人堂, 40738, 59840, 0, 2019-12-03 21:56:16, Group_1
321, 423118_1006, 36, 41, 2, 无敌八神, 刚刚, 34232, 51648, 0, 2019-12-03 10:37:41, Group_1
322, 421452_1006, 36, 41, 2, 疯狂的汉堡包, 玉天宗, 40402, 62174, 0, 2019-12-04 04:44:03, Group_2
323, 431279_1006, 36, 39, 2, 骄傲_洛神, 鬼族, 36309, 49980, 0, 2019-12-03 12:48:28, Group_4
324, 435858_1006, 36, 40, 2, 桑心灬偶像, 六芒星, 36566, 54755, 0, 2019-12-03 23:16:47, Group_3
325, 282554_1006, 36, 41, 2, 灬狼族, 祖师殿, 42253, 57107, 0, 2019-12-04 02:39:01, Group_2
326, 427947_1006, 36, 35, 2, 优美的小羚, 1, 22318, 33168, 0, 2019-12-04 00:06:26, Group_4
327, 430368_1006, 36, 41, 2, 忧郁的牧师, 水花兄弟, 40852, 58987, 0, 2019-12-04 04:17:13, Group_1
328, 331030_1006, 36, 39, 2, Soloer鬼, 撕裂, 37295, 47410, 0, 2019-12-03 23:59:07, Group_3
329, 423516_1006, 36, 40, 2, 九门龍, 水火不容, 33028, 53961, 0, 2019-12-03 19:54:37, Group_4
330, 430783_1006, 36, 40, 2, DGhost, 高数, 41859, 60146, 0, 2019-12-03 22:07:58, Group_4
331, 432942_1006, 36, 40, 2, 二次元X领主, 高数, 28529, 44366, 0, 2019-12-03 23:12:42, Group_4
332, 425850_1006, 36, 40, 2, 魂淡, 快快乐乐, 38406, 54280, 0, 2019-12-04 00:48:55, Group_1
333, 429826_1006, 36, 38, 2, 提拉米苏、娜娜, 0, 30531, 45716, 0, 2019-12-04 02:47:54, Group_3
334, 396187_1006, 36, 42, 2, 嚣张丨小伙伴, 千鹤乱舞, 39171, 56145, 0, 2019-12-03 21:42:50, Group_1
335, 430184_1006, 36, 39, 2, 得意_标题党, 刚刚, 32352, 47242, 0, 2019-12-03 13:36:38, Group_1
336, 425745_1006, 36, 34, 2, 毒辣X, 了哦哦, 22893, 33909, 0, 2019-12-03 20:16:24, Group_3
337, 421956_1006, 36, 33, 2, 圆滑之斯巴达, 白竹, 18375, 24872, 0, 2019-12-04 00:04:13, Group_3
338, 420762_1006, 30, 29, 2, 狂妄X黑道, 八神战队, 12650, 14343, 0, 2019-11-28 23:23:01, Group_2
339, 421315_1006, 30, 35, 2, 完事甩蓝子, uuu, 23848, 35048, 0, 2019-12-02 15:33:04, Group_3
340, 422149_1006, 30, 24, 2, 疯狂_毅哥, 刘新宇潘爽, 11225, 13230, 0, 2019-11-26 13:28:20, Group_3
341, 423138_1006, 30, 30, 2, 轮回X特工, 0, 16115, 21354, 0, 2019-11-28 06:46:39, Group_1
342, 347287_1006, 30, 30, 2, 蛮横X传奇, 千鹤乱舞, 16408, 20782, 0, 2019-11-29 08:00:43, Group_1
343, 407778_1006, 30, 36, 2, 狂热丨包子男, 八神庵, 22244, 34925, 0, 2019-12-01 19:00:01, Group_3
344, 416030_1006, 30, 22, 2, 奇异_超人, 0, 8839, 10060, 0, 2019-11-26 14:43:34, Group_4
345, 423750_1006, 30, 22, 2, 天然呆的草根, 白竹, 8160, 8789, 0, 2019-11-26 12:25:57, Group_3
346, 416242_1006, 30, 29, 2, 暴力X蛋炒饭, 哦啊, 16465, 21553, 0, 2019-11-27 09:52:33, Group_2
347, 425001_1006, 30, 29, 2, 别想念, 哦啊, 14084, 15705, 0, 2019-11-28 00:21:22, Group_2
348, 425085_1006, 30, 7, 2, 开心X草莓, 0, 692, 1346, 0, 2019-11-26 09:16:19, 
349, 425199_1006, 30, 36, 2, 心碎丨喵星人, 六芒星, 25506, 32251, 0, 2019-12-03 16:33:20, Group_3
350, 425328_1006, 30, 16, 2, 血盆大口, 0, 5756, 6788, 0, 2019-11-28 08:53:18, 
351, 386135_1006, 30, 39, 2, 羞涩_欧巴, 洗洗睡, 33429, 44902, 0, 2019-12-01 21:37:22, Group_2
352, 423923_1006, 30, 37, 2, 绿叶灬, 不知火舞, 26873, 37303, 0, 2019-12-04 01:05:43, Group_2
353, 427383_1006, 30, 9, 2, 暴力之斜眼党, 0, 2470, 2454, 0, 2019-11-26 10:57:28, 
354, 427691_1006, 30, 39, 2, 傲慢小磊, 冷眸, 26738, 39640, 0, 2019-12-03 19:13:32, Group_1
355, 428379_1006, 30, 29, 2, 司王, 魔门, 16027, 19166, 0, 2019-11-27 16:24:33, Group_4
356, 413396_1006, 30, 24, 2, 圆滑丨小正太, 冷眸, 10480, 12687, 0, 2019-11-27 13:31:16, Group_1
357, 428135_1006, 30, 41, 2, 起名就头痛, 不知火舞, 46054, 66834, 0, 2019-12-04 00:08:36, Group_2
358, 337397_1006, 30, 35, 2, 的胖大白, 0, 24678, 38708, 0, 2019-11-30 21:43:12, Group_3
359, 399838_1006, 30, 33, 2, 好强丨魔蝎座, 冠军?, 19252, 24024, 0, 2019-12-01 10:06:48, Group_1
360, 429733_1006, 30, 27, 2, 狂野的汉子, 冠军?, 13341, 16667, 0, 2019-11-27 08:36:45, Group_1
361, 423963_1006, 30, 37, 2, 灵~羽, 水火不容, 29917, 44311, 0, 2019-12-03 10:12:27, Group_4
362, 431044_1006, 30, 31, 2, 疯狂的火男, 0, 9340, 10442, 0, 2019-12-01 20:25:12, Group_1
363, 429385_1006, 30, 25, 2, 火锅坏男, 5, 10241, 12232, 0, 2019-11-27 08:48:46, Group_4
364, 143697_1006, 30, 30, 2, 多情的猴王, 冠军?, 15197, 19309, 0, 2019-11-28 16:18:26, Group_1
365, 432396_1006, 30, 32, 2, 大度_爪挠, 强烈队伍, 16603, 20002, 0, 2019-11-30 09:17:12, Group_2
366, 429517_1006, 30, 33, 2, 中箭丶天蝎座, 魔门, 21933, 33541, 0, 2019-11-29 13:57:26, Group_4
367, 432913_1006, 30, 37, 2, 啊嘛帖拉斯, 不知火舞, 28369, 41730, 0, 2019-12-02 22:48:27, Group_2
368, 432668_1006, 30, 21, 2, 開訫：就好, 狼王兄弟军团, 8496, 9307, 0, 2019-11-26 13:45:25, Group_3
369, 434585_1006, 30, 30, 2, 贪婪_巨蟹座, 六芒星, 14651, 19643, 0, 2019-11-28 08:54:05, Group_3
370, 434972_1006, 30, 28, 2, 无双丶斜眼党, 强烈队伍, 10443, 17989, 0, 2019-11-28 17:20:42, Group_2
371, 435346_1006, 30, 10, 2, 傲娇的风神, 0, 2545, 2529, 0, 2019-11-26 13:30:19, 
372, 435352_1006, 30, 39, 2, 我住你隔壁姓王, 强烈队伍, 26160, 37804, 0, 2019-12-03 19:37:24, Group_2
373, 430441_1006, 30, 29, 2, 神秘X围观党, 0, 12800, 17242, 0, 2019-11-28 00:20:14, Group_1
374, 432880_1006, 30, 32, 2, 洒脱_, 你还是不是男, 19120, 25301, 0, 2019-11-28 17:46:22, Group_4
375, 425960_1006, 30, 24, 2, 紧张丶火神, 0, 10832, 11469, 0, 2019-11-26 14:14:43, Group_2
376, 382770_1006, 30, 41, 2, 绿叶丶白风, 八神超玩会, 39645, 59160, 0, 2019-12-03 23:20:21, Group_3
377, 432764_1006, 30, 28, 2, 自觉灬宅男, 狼王兄弟军团, 13864, 17606, 0, 2019-11-27 23:17:06, Group_3
378, 429909_1006, 30, 29, 2, 逆天X凌凌漆, 0, 11645, 15704, 0, 2019-12-02 14:15:43, Group_1
379, 433521_1006, 30, 25, 2, 小阿雪, 0, 11204, 13847, 0, 2019-11-28 10:35:17, Group_1
380, 432603_1006, 30, 29, 2, 挨最毒的打丶, 了哦哦, 16600, 23060, 0, 2019-11-27 13:03:37, Group_3
381, 428523_1006, 30, 35, 2, 凯哥哥, 狼王兄弟军团, 27567, 38823, 0, 2019-12-01 14:31:45, Group_3
382, 432783_1006, 30, 24, 2, 正直丨野人, 0, 11631, 12400, 0, 2019-11-26 18:55:40, Group_1
383, 423934_1006, 30, 13, 2, 颓废_狼族, 0, 4505, 5344, 0, 2019-11-27 17:26:54, 
384, 433081_1006, 30, 28, 2, 冰葑?七夜, 狂战魔焰, 15150, 19111, 0, 2019-11-28 11:10:16, Group_4
385, 431120_1006, 30, 38, 2, 忠厚丨校长, 六芒星, 31539, 48335, 0, 2019-12-04 01:21:14, Group_3
386, 429666_1006, 30, 36, 2, 冷酷丶将军, 八神超玩会, 29318, 45270, 0, 2019-12-03 17:42:59, Group_3
387, 429721_1006, 30, 39, 2, 情人, 六芒星, 35623, 46909, 0, 2019-12-03 20:17:41, Group_3
388, 427484_1006, 30, 20, 2, 围观X香肠, 风风??飍飍, 6127, 7081, 0, 2019-11-26 21:21:17, Group_2
389, 47666_1006, 30, 28, 2, 疯狂御风者, 0, 11914, 14051, 0, 2019-11-27 23:13:06, Group_4
390, 433682_1006, 30, 40, 2, 残酷X八酱, 强烈队伍, 36757, 52838, 0, 2019-12-04 01:06:13, Group_2
391, 423835_1006, 30, 9, 2, 温柔之御姐, 0, 1920, 1908, 0, 2019-11-30 20:16:10, 
392, 430990_1006, 30, 39, 2, 膜拜灬野人, 水花兄弟, 25882, 34881, 0, 2019-12-03 22:45:17, Group_1
393, 422240_1006, 30, 32, 2, 大胆的电猫, 烈焰, 12059, 13140, 0, 2019-12-02 23:10:45, Group_2
394, 435980_1006, 30, 39, 2, 空虚X, 八神庵, 29344, 47658, 0, 2019-12-03 18:10:34, Group_3
395, 434600_1006, 30, 31, 2, 活泼灬阳阳, 八神魔, 18498, 26179, 0, 2019-11-27 20:00:24, Group_2
396, 422086_1006, 30, 39, 2, 神气灬草薙一族, 强撸, 32064, 45825, 0, 2019-12-03 22:12:19, Group_4
397, 427860_1006, 30, 38, 2, Easenl, 魔门, 32416, 46043, 0, 2019-12-03 23:08:11, Group_4
398, 433040_1006, 30, 36, 2, 生气丶, 烈焰, 23068, 36696, 0, 2019-12-04 00:31:17, Group_2
399, 435794_1006, 30, 41, 2, 娇羞的传奇, 高数, 40150, 62430, 0, 2019-12-03 22:35:12, Group_4
400, 433806_1006, 30, 33, 2, 大蛇精病, Hakuna, 17718, 24766, 0, 2019-12-02 15:11:59, Group_4
401, 426261_1006, 30, 34, 2, 灬领主, 0, 12205, 13225, 0, 2019-12-02 20:36:11, Group_3
402, 429754_1006, 30, 38, 2, 傻瓜, 八神超玩会, 32590, 46264, 0, 2019-12-03 21:39:28, Group_3
403, 428152_1006, 30, 31, 2, _魔王, 0, 10770, 15183, 0, 2019-12-04 00:14:05, Group_3
404, 428227_1006, 30, 34, 2, 青衫, uuu, 24619, 34888, 0, 2019-11-29 15:20:29, Group_3
405, 425998_1006, 30, 13, 2, 健壮丨狼王, 0, 3515, 3984, 0, 2019-11-28 08:42:05, 
406, 424808_1006, 30, 34, 2, 大猛一, 烈焰, 16234, 23685, 0, 2019-12-03 13:25:41, Group_2
407, 435278_1006, 30, 40, 2, 热血灬独眼龙, 咔咔咔, 38293, 58568, 0, 2019-12-04 00:24:27, Group_4
408, 430395_1006, 30, 40, 2, 小小舞儿, 鬼族, 42936, 55039, 0, 2019-12-04 00:11:22, Group_4
409, 427377_1006, 30, 39, 2, 天然呆丨强盗, 玉天宗, 28826, 47830, 0, 2019-12-04 00:48:06, Group_2
410, 427564_1006, 30, 34, 2, 挺拔丨强盗, 八神魔, 15397, 21580, 0, 2019-12-02 09:35:34, Group_2
411, 434095_1006, 30, 32, 2, 伤感X黑道, 0, 16420, 23108, 0, 2019-11-29 18:19:13, Group_4
412, 432663_1006, 30, 37, 2, 超越小怪兽, 高数, 29026, 42068, 0, 2019-12-03 22:58:55, Group_4
413, 399849_1006, 30, 41, 2, 箛獨d牧羏亼, 天神主宰、, 41695, 59959, 0, 2019-12-03 22:41:22, Group_1
414, 431134_1006, 30, 38, 2, 完美水瓶座, 水火不容, 27744, 42645, 0, 2019-12-03 14:51:53, Group_4
415, 428743_1006, 30, 37, 2, 精悍丶大菠萝, 狼王兄弟军团, 21939, 33794, 0, 2019-12-03 07:21:29, Group_3
416, 421517_1006, 30, 32, 2, 菩提树下的顿悟, 梦之队, 16618, 21348, 0, 2019-11-29 12:50:04, Group_4
417, 422841_1006, 30, 30, 2, 顽强_野人, 千鹤乱舞, 12563, 15013, 0, 2019-12-03 08:08:44, Group_1
418, 426754_1006, 30, 42, 2, 葫芦娃, 名人堂, 43442, 64048, 0, 2019-12-03 23:03:49, Group_1
419, 433629_1006, 30, 40, 2, 幸运_真真, 了哦哦, 32076, 44522, 0, 2019-12-03 18:22:15, Group_3
420, 426056_1006, 30, 35, 2, 彭于晏, 祖师殿, 21596, 30964, 0, 2019-12-03 23:12:48, Group_2
421, 433729_1006, 30, 40, 2, 无敌小宝贝, 水花兄弟, 38556, 51488, 0, 2019-12-03 21:43:32, Group_1
422, 427730_1006, 30, 40, 2, 散漫_榴莲, 八神庵, 36048, 54710, 0, 2019-12-03 20:58:57, Group_3
423, 429891_1006, 30, 41, 2, 愤怒灬红帽, 名人堂, 36922, 53350, 0, 2019-12-03 21:05:50, Group_1
424, 428151_1006, 30, 41, 2, 丶左右, 大蛇无双, 39590, 56197, 0, 2019-12-03 23:35:36, Group_2
425, 435522_1006, 30, 39, 2, 淡然, *坤, 34430, 50151, 0, 2019-12-04 00:42:22, Group_4
426, 434334_1006, 30, 37, 2, 孤独灬狼女, 温文儒雅, 31678, 39041, 0, 2019-12-02 10:13:59, Group_3
427, 423000_1006, 30, 40, 2, 苏九黎, 汇编成册不会, 35283, 48713, 0, 2019-12-03 13:04:43, Group_3
428, 429291_1006, 30, 41, 2, 紫雨轩, 04, 37012, 54148, 0, 2019-12-04 00:30:05, Group_2
429, 427548_1006, 30, 32, 2, 逆袭灬白羊座, 神話, 15111, 19712, 0, 2019-11-30 15:59:57, Group_2
430, 423910_1006, 30, 41, 2, 暴走八神庵, 魔门, 36851, 51837, 0, 2019-12-04 00:08:23, Group_4
431, 407506_1006, 30, 41, 2, 嘻哈_萝莉控, 梦之队, 39404, 58015, 0, 2019-12-03 21:28:49, Group_4
432, 421159_1006, 30, 34, 2, 恶寒_风神, 狼王兄弟军团, 18376, 27078, 0, 2019-12-02 19:58:06, Group_3
433, 423254_1006, 30, 30, 2, 健壮丨红丸, 0, 11447, 14790, 0, 2019-12-03 09:54:09, Group_2
434, 432987_1006, 30, 40, 2, 拜金的领主, 八神战队, 34023, 51266, 0, 2019-12-03 22:11:39, Group_2
435, 426325_1006, 30, 40, 2, 活跃的红风, 不知火舞, 40022, 48967, 0, 2019-12-03 21:10:40, Group_2
436, 427648_1006, 30, 37, 2, H爱你尹Y, 撕裂, 26667, 39726, 0, 2019-12-03 06:55:10, Group_3
437, 433543_1006, 30, 40, 2, 魔鬼, 高数, 34837, 46548, 0, 2019-12-03 23:32:20, Group_4
438, 429247_1006, 30, 38, 2, 神气主人, Hakuna, 28037, 41188, 0, 2019-12-03 17:30:13, Group_4
439, 424353_1006, 30, 36, 2, 看我貂不, 水火不容, 25326, 38058, 0, 2019-12-03 20:44:44, Group_4
440, 422402_1006, 30, 34, 2, 火暴的小胖墩, 黑夜降临, 19431, 27716, 0, 2019-12-03 17:30:35, Group_3
441, 424046_1006, 30, 25, 2, 糊涂丶, 玉天宗, 11073, 16229, 0, 2019-12-04 00:06:11, Group_2
442, 243930_1006, 30, 37, 2, 傲娇_蜀黍, 玉天宗, 26337, 35241, 0, 2019-12-03 15:29:24, Group_2
443, 433033_1006, 30, 39, 2, 杀戮乄战神, 嘻嘻, 33288, 46590, 0, 2019-12-03 21:15:47, Group_1
444, 434789_1006, 30, 36, 2, 鲁莽X金牛座, 南风, 22744, 34724, 0, 2019-12-03 22:22:08, Group_2
445, 434719_1006, 24, 18, 1, 鲁莽灬, 冠军?, 6101, 6408, 0, 2019-11-26 13:57:37, Group_1
446, 430787_1006, 24, 27, 2, 堕落灬哈密瓜, 黑夜降临, 11852, 15403, 0, 2019-11-28 19:24:59, Group_3
447, 401730_1006, 24, 31, 2, 崇高_小美女, uuu, 18026, 21498, 0, 2019-11-28 11:17:43, Group_3
448, 427000_1006, 24, 40, 2, 反常灬二娃, 六芒星, 35804, 52848, 0, 2019-12-03 17:57:44, Group_3
449, 433676_1006, 24, 32, 2, 幸运的手抓饼, 千鹤乱舞, 12359, 16983, 0, 2019-12-01 10:16:03, Group_1
450, 425639_1006, 24, 38, 2, 折翼X铁拳, 狼王兄弟军团, 27856, 45794, 0, 2019-12-03 12:42:50, Group_3
451, 433823_1006, 24, 39, 2, 丶小胖墩, 狂战魔焰, 35719, 53022, 0, 2019-12-04 01:24:36, Group_4
452, 424727_1006, 18, 39, 2, 锋, killer, 35922, 49664, 0, 2019-12-03 09:16:22, Group_3
453, 429712_1006, 18, 24, 1, 俏皮_八酱, 嘻嘻, 10408, 11118, 0, 2019-11-26 16:47:21, Group_1
454, 430937_1006, 18, 31, 1, 丶红帽, 撕裂, 18509, 24142, 0, 2019-11-30 00:17:34, Group_3
455, 422504_1006, 18, 30, 1, 素颜丨红帽, 梦之队, 14405, 18980, 0, 2019-11-30 08:50:21, Group_4
456, 83430_1006, 18, 40, 2, 优秀灬特工, 鬼族, 40961, 50884, 0, 2019-12-03 20:34:23, Group_4
457, 424193_1006, 18, 31, 1, 丨爪机党, 哦啊, 17483, 22515, 0, 2019-11-28 22:28:41, Group_2
458, 422376_1006, 18, 31, 1, 顽皮灬吃货, 0, 15040, 20336, 0, 2019-11-30 07:09:14, Group_2
459, 428812_1006, 18, 40, 2, 贵族灬谦谦丿, uuu, 38062, 47990, 0, 2019-12-03 20:49:48, Group_3
460, 425380_1006, 18, 39, 2, 膜拜灬红风, 玉天宗, 29202, 45545, 0, 2019-12-03 08:54:56, Group_2
461, 434234_1006, 18, 38, 2, Ye丶独霸青楼, 八神超玩会, 34881, 49906, 1, 2019-12-04 04:37:32, Group_3
462, 434619_1006, 18, 40, 2, 倾城之领主, killer, 42224, 58748, 0, 2019-12-03 21:22:33, Group_3
463, 430055_1006, 18, 39, 2, 火暴_强盗, 名人堂, 32978, 52255, 0, 2019-12-03 19:43:11, Group_1
464, 429388_1006, 18, 40, 2, 桑心小强, 南风, 34148, 52535, 0, 2019-12-03 22:46:44, Group_2
465, 421566_1006, 12, 30, 1, 唯情小九儿, 刘新宇潘爽, 14419, 18756, 0, 2019-11-28 13:12:49, Group_3
466, 423497_1006, 12, 31, 1, 谢特, 0, 18530, 23716, 0, 2019-11-28 15:43:00, Group_4
467, 8209_1006, 12, 23, 1, 草稚京, 千鹤乱舞, 11624, 13209, 0, 2019-11-26 11:09:25, Group_1
468, 383680_1006, 12, 21, 1, 恋先醉, 0, 8210, 9269, 0, 2019-11-26 10:50:21, Group_3
469, 420879_1006, 12, 34, 1, 全服霸主, 梦之队, 19500, 28649, 0, 2019-11-30 12:32:31, Group_4
470, 423848_1006, 12, 39, 2, 无敌小提莫, 高数, 29451, 41326, 0, 2019-12-03 20:50:07, Group_4
471, 425149_1006, 12, 32, 1, 大度丶菜鸟, 天神主宰、, 22239, 28788, 0, 2019-11-28 19:18:12, Group_1
472, 384823_1006, 12, 42, 2, 八神, 八神超玩会, 44030, 64104, 0, 2019-12-04 03:00:35, Group_3
473, 427069_1006, 12, 23, 1, 超级灬总督, 撕裂, 8836, 10693, 0, 2019-11-26 23:03:01, Group_3
474, 429663_1006, 12, 24, 1, 与神同行, 鬼族, 9386, 10989, 0, 2019-11-26 12:54:38, Group_4
475, 364218_1006, 12, 24, 1, 黎明, 0, 11678, 14384, 0, 2019-12-01 21:02:19, Group_3
476, 422357_1006, 12, 38, 2, 残酷丶正太控, 玉天宗, 33672, 46747, 0, 2019-12-02 13:35:17, Group_2
477, 433921_1006, 12, 23, 1, 勇敢X小蜜, 嘻嘻, 8764, 10987, 0, 2019-11-26 18:54:58, Group_1
478, 429098_1006, 12, 29, 1, 夏侯轻衣, 鬼族, 16482, 20347, 0, 2019-11-27 19:21:07, Group_4
479, 428170_1006, 12, 25, 1, ☆★神★☆, 5, 12326, 15121, 0, 2019-11-27 01:53:09, Group_4
480, 414512_1006, 12, 22, 1, 狒狒呵呵, 大蛇无双, 7938, 9043, 0, 2019-11-26 16:52:07, Group_2
481, 421776_1006, 12, 24, 1, 欢乐丨扫把头, 刘新宇潘爽, 12297, 15098, 0, 2019-11-28 04:18:28, Group_3
482, 433593_1006, 12, 21, 1, 清秀灬双鱼座, 嘻嘻, 5248, 5718, 0, 2019-11-26 13:33:35, Group_1
483, 436024_1006, 12, 33, 1, 得意丨, 你还是不是男, 14402, 21074, 0, 2019-12-04 00:26:51, Group_4
484, 428229_1006, 12, 33, 1, 稳重的红帽, uuu, 17181, 22604, 0, 2019-12-03 15:08:03, Group_3
485, 420894_1006, 12, 27, 1, 圣狱～阎魔, 0, 13438, 15705, 0, 2019-11-27 03:05:19, Group_1
486, 435219_1006, 12, 38, 2, 素颜X小猴子, 八尺琼楼, 30843, 39125, 0, 2019-12-02 00:48:07, Group_3
487, 435663_1006, 12, 40, 2, 帅气的达人, killer, 32787, 51396, 0, 2019-12-03 13:59:27, Group_3
488, 428308_1006, 12, 29, 1, 抠脚～大汉, RAT, 16439, 21763, 0, 2019-11-27 09:55:09, Group_1
489, 425302_1006, 12, 28, 1, 雏音鹤, 强撸, 16298, 22474, 0, 2019-11-27 13:55:09, Group_4
490, 423427_1006, 12, 29, 1, 傲慢丶小伙伴, 千鹤乱舞, 15795, 22329, 0, 2019-11-27 18:45:03, Group_1
491, 428907_1006, 12, 27, 1, 残忍的豆包, 洗洗睡, 12900, 16184, 0, 2019-11-27 08:09:59, Group_2
492, 418012_1006, 12, 28, 1, 荣先生, 不知火舞, 14973, 18703, 0, 2019-11-27 09:24:03, Group_2
493, 421155_1006, 12, 27, 1, 稳重丶龙龙, 0, 12488, 15058, 0, 2019-11-27 19:54:28, Group_1
494, 426117_1006, 12, 30, 1, 完美的王族, 强撸, 16837, 20944, 0, 2019-11-28 07:44:37, Group_4
495, 429020_1006, 12, 37, 2, 阔气灬八酱, 白竹, 28955, 43646, 0, 2019-12-01 16:35:42, Group_3
496, 432146_1006, 12, 27, 1, 天煞孤星, 我问心无愧, 10847, 13078, 0, 2019-11-27 10:50:06, Group_2
497, 433238_1006, 12, 27, 1, 乐逍遥若若, 快快乐乐, 12699, 15554, 0, 2019-11-27 21:51:44, Group_1
498, 429789_1006, 12, 33, 1, 馒头, 汇编成册不会, 17902, 22349, 0, 2019-11-30 13:49:56, Group_3
499, 430897_1006, 12, 32, 1, 星光璀璨, 黑夜降临, 14256, 20026, 0, 2019-11-29 09:57:42, Group_3
500, 435692_1006, 12, 36, 1, 死神, Hakuna, 19973, 26504, 0, 2019-12-02 19:22:00, Group_4
501, 426287_1006, 12, 33, 1, 进击丶, 来吧！, 13490, 17179, 0, 2019-11-29 20:19:23, Group_3
502, 425156_1006, 12, 31, 1, 顽皮_领主, 0, 17930, 23858, 0, 2019-11-29 03:53:40, Group_2
503, 404376_1006, 12, 37, 2, 羞涩丶风圣, 高数, 31419, 47739, 0, 2019-12-02 03:01:33, Group_4
504, 430960_1006, 12, 36, 1, 沐邪, 冠军?, 24553, 36138, 0, 2019-12-02 10:00:38, Group_1
505, 435505_1006, 12, 41, 2, 神秘的欧巴, 强烈队伍, 38422, 52432, 0, 2019-12-03 22:05:31, Group_2
506, 364245_1006, 12, 35, 1, 碉堡灬手抓饼, 哦啊, 26146, 38264, 0, 2019-11-30 07:14:25, Group_2
507, 406402_1006, 12, 38, 1, 屁屁蹦你, 强烈队伍, 29993, 43018, 0, 2019-12-02 18:16:15, Group_2
508, 431391_1006, 12, 30, 1, 丶零元党, 神話, 14450, 17963, 0, 2019-11-30 19:41:02, Group_2
509, 430680_1006, 12, 35, 1, 拜金灬路路, 鬼族, 24190, 38642, 0, 2019-12-03 10:55:46, Group_4
510, 425879_1006, 12, 38, 2, _番番, 八神庵, 28976, 39359, 0, 2019-12-03 11:27:35, Group_3
511, 425570_1006, 12, 39, 2, 凶狠X扫把头, 刚刚, 31520, 45077, 0, 2019-12-03 21:54:02, Group_1
512, 433723_1006, 12, 27, 1, 傲娇丨凹凸曼, 0, 8613, 10568, 0, 2019-12-01 18:02:02, Group_2
513, 423162_1006, 12, 32, 1, 顽皮灬墨镜, 梦之队, 16132, 20897, 0, 2019-11-30 01:59:18, Group_4
514, 420908_1006, 12, 37, 1, 最爱小李了, 梦之队, 27027, 34919, 0, 2019-12-02 16:48:20, Group_4
515, 434343_1006, 12, 35, 1, 冯子彦, 咔咔咔, 21887, 31084, 0, 2019-12-03 23:39:02, Group_4
516, 428687_1006, 12, 32, 1, 黑姣老蛇仙, 八神战队, 15474, 20771, 0, 2019-12-02 17:27:03, Group_2
517, 426918_1006, 12, 40, 2, 逆天丶小红帽, 撕裂, 37808, 58102, 0, 2019-12-03 21:36:51, Group_3
518, 427537_1006, 12, 34, 1, 神, 刚刚, 22601, 32439, 0, 2019-11-30 16:01:48, Group_1
519, 418096_1006, 12, 37, 2, 雷鸣丶破天, killer, 30437, 39091, 0, 2019-12-03 08:08:52, Group_3
520, 421359_1006, 12, 40, 2, 暗魂情殇, 哦啊, 33718, 47033, 0, 2019-12-03 22:10:10, Group_2
521, 432649_1006, 12, 35, 1, 玄不改非, 狂战魔焰, 18332, 24991, 0, 2019-12-03 08:16:37, Group_4
522, 420745_1006, 12, 41, 2, 鲁莽的斯巴达, 八神战队, 34373, 44616, 0, 2019-12-03 23:10:32, Group_2
523, 426712_1006, 12, 35, 1, 腼腆丨吃货, 兄弟团, 18693, 27663, 0, 2019-12-03 20:24:00, Group_1
524, 435471_1006, 12, 38, 2, 城南的小丑, 六芒星, 32785, 45050, 0, 2019-12-03 17:56:39, Group_3
525, 424631_1006, 12, 34, 1, 风云再起, 天哦zuou, 16889, 22978, 0, 2019-12-04 03:22:59, Group_1
526, 421659_1006, 12, 36, 1, 妖艳_, 名人堂, 26937, 39511, 0, 2019-12-03 20:17:41, Group_1
527, 421943_1006, 12, 33, 1, 狂野X香肠, 名人堂, 18261, 27941, 0, 2019-12-03 19:58:54, Group_1
528, 426484_1006, 12, 39, 2, 膜拜丶, 冷眸, 34829, 42959, 0, 2019-12-03 22:00:42, Group_1
529, 421572_1006, 12, 35, 1, 锋八神, 刘新宇潘爽, 23260, 35277, 0, 2019-12-02 01:38:54, Group_3
530, 428558_1006, 12, 32, 1, 硬朗丶小鬼, 不知火舞, 13469, 19339, 0, 2019-12-03 18:55:51, Group_2
531, 66520_1006, 12, 41, 2, 狰狞风神, 梦之队, 34542, 51295, 0, 2019-12-04 03:09:16, Group_4
532, 434216_1006, 12, 40, 2, 李三岁, 大蛇无双, 36122, 50845, 0, 2019-12-03 18:14:35, Group_2
533, 430000_1006, 12, 35, 1, 爽快丨猴王, 刚刚, 18328, 23498, 0, 2019-12-03 11:36:22, Group_1
534, 433029_1006, 12, 38, 2, 强力_囡囡, 不知火舞, 27760, 41434, 0, 2019-12-03 17:56:11, Group_2
535, 425273_1006, 12, 41, 2, 英俊X, 高数, 38628, 56313, 0, 2019-12-03 20:52:36, Group_4
536, 421048_1006, 12, 37, 2, 威风丨道长, 5, 24040, 37898, 0, 2019-12-04 04:56:47, Group_4
537, 421007_1006, 6, 39, 1, 巴扎黑, 玉天宗, 33248, 44182, 0, 2019-12-04 02:32:07, Group_2
538, 420967_1006, 6, 42, 2, 折翼之大魔王, 名人堂, 40523, 59154, 0, 2019-12-04 00:06:25, Group_1
539, 421059_1006, 6, 33, 1, 诙谐_红丸, 八神战队, 14875, 18592, 0, 2019-12-02 20:24:43, Group_2
540, 421101_1006, 6, 23, 1, 逗乐X马力, 0, 7264, 7217, 0, 2019-11-26 11:59:14, Group_1
541, 420763_1006, 6, 23, 1, 益达先森丶, 0, 4267, 4244, 0, 2019-11-26 18:14:27, Group_1
542, 421093_1006, 6, 42, 2, 中箭之羊肉串, 梦之队, 41538, 60488, 0, 2019-12-03 22:31:22, Group_4
543, 421250_1006, 6, 26, 1, 优美丶道长, 0, 6970, 6924, 0, 2019-11-26 12:45:03, Group_2
544, 421117_1006, 6, 24, 1, 纠结之卤肉面, 0, 6808, 7450, 0, 2019-11-26 05:27:27, Group_4
545, 421323_1006, 6, 37, 1, 绝舞凡尘, 强撸, 28698, 41339, 0, 2019-12-03 06:29:19, Group_4
546, 210691_1006, 6, 31, 1, 柔弱灬红丸, 刘新宇潘爽, 11161, 14928, 0, 2019-11-28 07:48:06, Group_3
547, 421031_1006, 6, 32, 1, 阔气金牛座, 强撸, 12801, 16653, 0, 2019-11-30 14:17:02, Group_4
548, 421460_1006, 6, 9, 1, 洗具之囡囡, 0, 2533, 2517, 0, 2019-11-26 05:21:14, 
549, 421026_1006, 6, 30, 1, 洛灬殇, 0, 16282, 20781, 0, 2019-11-27 21:50:37, Group_1
550, 421538_1006, 6, 28, 1, Aatrox, 0, 12954, 15288, 0, 2019-11-27 22:47:57, Group_3
551, 421138_1006, 6, 41, 2, 钧天, 水花兄弟, 41409, 57722, 0, 2019-12-04 01:46:53, Group_1
552, 421520_1006, 6, 32, 1, 暴殄天物, 八神战队, 17139, 25771, 0, 2019-11-28 12:17:44, Group_2
553, 420938_1006, 6, 25, 1, 丨火神, 0, 10343, 13293, 0, 2019-11-26 11:45:22, Group_3
554, 421816_1006, 6, 34, 1, 困倦之小妞, 八神战队, 24541, 33825, 0, 2019-12-01 12:59:13, Group_2
555, 421882_1006, 6, 24, 1, 雅灭蝶, 0, 10651, 12727, 0, 2019-11-26 19:32:21, Group_1
556, 421818_1006, 6, 22, 1, 幽暗, 0, 8953, 9819, 0, 2019-11-26 19:51:50, Group_1
557, 421831_1006, 6, 21, 1, 无情X, 千鹤乱舞, 8615, 8960, 0, 2019-11-26 13:00:52, Group_1
558, 421980_1006, 6, 22, 1, 楠烟, 0, 7766, 8323, 0, 2019-11-26 19:34:27, Group_1
559, 422009_1006, 6, 32, 1, 丨火男, 八神战队, 12496, 15907, 0, 2019-12-01 22:39:20, Group_2
560, 421863_1006, 6, 34, 1, 崇高丨帅锅, 烈焰, 22240, 30054, 0, 2019-12-04 02:40:03, Group_2
561, 408570_1006, 6, 23, 1, 杰出之豆包, 0, 8827, 10509, 0, 2019-11-26 21:05:35, Group_1
562, 379756_1006, 6, 12, 1, 高贵X恐龙, 0, 2249, 2436, 0, 2019-11-26 08:17:45, 
563, 369003_1006, 6, 41, 2, 低调丨凌凌漆, killer, 40090, 55532, 0, 2019-12-03 19:17:35, Group_3
564, 309832_1006, 6, 35, 1, 进击X小伙伴, 汇编成册不会, 30113, 42145, 0, 2019-11-30 08:56:28, Group_3
565, 422626_1006, 6, 41, 2, 倒霉灬双子座, 祖师殿, 39922, 59217, 0, 2019-12-03 21:27:32, Group_2
566, 406295_1006, 6, 23, 1, 头痛丨熊猫, 八神战队, 10116, 10812, 0, 2019-11-26 10:49:53, Group_2
567, 420989_1006, 6, 26, 1, 气愤X白风, 0, 13087, 15086, 0, 2019-11-26 18:32:38, Group_1
568, 422587_1006, 6, 15, 1, 酱油之德古拉, 0, 4505, 4478, 0, 2019-11-26 11:31:35, 
569, 422882_1006, 6, 40, 2, 荣荣的哈士奇, 名人堂, 37009, 51468, 0, 2019-12-03 21:32:28, Group_1
570, 393148_1006, 6, 32, 1, 白nana, 汇编成册不会, 20857, 25402, 0, 2019-11-29 10:56:47, Group_3
571, 423503_1006, 6, 30, 1, 冷酷_, 汇编成册不会, 15852, 19240, 0, 2019-11-28 11:54:44, Group_3
572, 423669_1006, 6, 24, 1, 桑心丶手抓饼, 八神庵, 11337, 12728, 0, 2019-11-26 13:58:54, Group_3
573, 422667_1006, 6, 16, 1, 小拳头, 0, 5256, 5614, 0, 2019-11-26 09:24:54, 
574, 423699_1006, 6, 29, 1, 头痛丨冰女, 鬼族, 13096, 17121, 0, 2019-11-28 09:00:51, Group_4
575, 423564_1006, 6, 26, 1, 装酷_, 撕裂, 11756, 14354, 0, 2019-11-27 06:13:14, Group_3
576, 423739_1006, 6, 21, 1, 卖萌的八酱, 千鹤乱舞, 9278, 9944, 0, 2019-11-26 11:27:05, Group_1
577, 398300_1006, 6, 40, 2, Joker, 水火不容, 35722, 51495, 0, 2019-12-03 21:11:45, Group_4
578, 423862_1006, 6, 14, 1, 阴暗之风神, 0, 3775, 4728, 0, 2019-11-27 20:14:41, 
579, 423483_1006, 6, 34, 1, 遗忘战神, 哦啊, 18094, 27817, 0, 2019-12-03 00:48:23, Group_2
580, 387779_1006, 6, 24, 1, 伶俐灬小明, 哦啊, 12478, 13279, 0, 2019-11-26 15:27:11, Group_2
581, 423846_1006, 6, 17, 1, 冷漠之白风, 哦啊, 5129, 5098, 0, 2019-11-26 09:24:27, Group_2
582, 416646_1006, 6, 25, 1, 动人丶小鬼, 强撸, 12088, 13212, 0, 2019-11-26 18:14:20, Group_4
583, 424079_1006, 6, 16, 1, 强大的魔蝎座, 0, 3875, 4302, 0, 2019-11-26 09:07:36, 
584, 424528_1006, 6, 10, 1, 无趣X午夜党, 0, 1546, 1930, 0, 2019-11-30 13:00:46, 
585, 424433_1006, 6, 15, 1, 嘛哈嘛哈, 0, 5687, 7613, 0, 2019-12-01 16:22:02, 
586, 409611_1006, 6, 27, 1, 大蛇?, 0, 13710, 16166, 0, 2019-11-27 11:55:42, Group_3
587, 424354_1006, 6, 27, 1, 婲呆, 哦啊, 13709, 16951, 0, 2019-11-27 11:11:58, Group_2
588, 423425_1006, 6, 28, 1, 无双X萧风, 千鹤乱舞, 11964, 14401, 0, 2019-11-29 22:40:05, Group_1
589, 422733_1006, 6, 13, 1, 文艺之乐乐, 0, 4659, 5670, 0, 2019-11-28 20:03:10, 
590, 424562_1006, 6, 21, 1, 敌羞吾脱她铱, 撕裂, 8310, 8684, 0, 2019-11-26 19:15:06, Group_3
591, 398592_1006, 6, 22, 1, 勿忘心安, 0, 8422, 9536, 0, 2019-11-26 12:54:19, Group_3
592, 384563_1006, 6, 27, 1, 悲观X金刚, 汇编成册不会, 13359, 16306, 0, 2019-11-27 14:26:13, Group_3
593, 424991_1006, 6, 24, 1, 怪僻大蛇, 04, 10683, 11641, 0, 2019-11-26 18:33:09, Group_2
594, 423510_1006, 6, 32, 1, 星辰, 哦啊, 19881, 25749, 0, 2019-11-29 21:18:09, Group_2
595, 414832_1006, 6, 41, 2, 油腻的校长, 水火不容, 38354, 55954, 0, 2019-12-04 00:05:44, Group_4
596, 425382_1006, 6, 28, 1, 论道丶蟹黄包, 5, 13350, 17660, 0, 2019-11-27 08:50:03, Group_4
597, 425057_1006, 6, 25, 1, 怪僻的然然, 强撸, 13874, 16711, 0, 2019-11-27 07:16:41, Group_4
598, 365708_1006, 6, 10, 1, 小鬼, 0, 2508, 2492, 0, 2019-11-26 10:21:22, 
599, 424651_1006, 6, 38, 1, 高桥蟹介, 玉天宗, 35687, 49333, 0, 2019-12-03 13:18:42, Group_2
600, 423439_1006, 6, 31, 1, _栗子, 六芒星, 13470, 16539, 0, 2019-11-29 19:49:04, Group_3
601, 423894_1006, 6, 35, 1, 关哲楠, 汇编成册不会, 21869, 33228, 0, 2019-12-01 08:25:05, Group_3
602, 424998_1006, 6, 16, 1, 火暴大菠萝, 0, 5976, 6372, 0, 2019-11-26 10:25:12, 
603, 425336_1006, 6, 23, 1, 旺盛X草仙, 0, 9647, 10742, 0, 2019-11-26 11:39:39, Group_2
604, 247377_1006, 6, 24, 1, seven, 乐神, 12648, 15566, 0, 2019-11-26 15:25:07, Group_1
605, 423904_1006, 6, 39, 1, 傲慢_小伙伴, 撕裂, 30770, 48491, 0, 2019-12-03 17:35:46, Group_3
606, 425632_1006, 6, 31, 1, 头痛_小猴子, 强撸, 17670, 22683, 0, 2019-11-30 13:03:54, Group_4
607, 423611_1006, 6, 24, 1, 湿淋淋X凹凸曼, 0, 11478, 13632, 0, 2019-11-26 12:39:34, Group_3
608, 426171_1006, 6, 40, 2, 灬小鬼, 天神主宰、, 34687, 52476, 0, 2019-12-03 13:16:10, Group_1
609, 426090_1006, 6, 36, 1, 書生徒, 八神战队, 21846, 35889, 0, 2019-12-03 08:42:54, Group_2
610, 426201_1006, 6, 25, 1, 低调丨小羚, 0, 11479, 13808, 0, 2019-11-27 05:55:55, Group_3
611, 404684_1006, 6, 31, 1, 残忍之火神, 0, 17472, 22981, 0, 2019-11-28 23:22:43, Group_1
612, 318964_1006, 6, 26, 1, 潜水的铁拳, 0, 10633, 13283, 0, 2019-11-27 10:14:32, Group_3
613, 424476_1006, 6, 29, 1, 抓狂X小帅哥, 八神庵, 17640, 21542, 0, 2019-11-27 09:00:24, Group_3
614, 425807_1006, 6, 30, 1, 毕晕套, 0, 16663, 20299, 0, 2019-11-28 14:36:14, Group_2
615, 426134_1006, 6, 31, 1, 狂妄灬, *坤, 11481, 16956, 0, 2019-12-03 09:08:21, Group_4
616, 424809_1006, 6, 32, 1, 嗷嗷, 来吧！, 15405, 18159, 0, 2019-12-02 13:41:36, Group_3
617, 426639_1006, 6, 33, 1, 冷陌鸿, 烈焰, 16814, 20623, 0, 2019-12-03 22:38:32, Group_2
618, 426783_1006, 6, 41, 2, 冰癢雪殇, 狼王兄弟军团, 36119, 48808, 0, 2019-12-03 18:24:28, Group_3
619, 218400_1006, 6, 26, 1, 叶子, 0, 10534, 12523, 0, 2019-11-27 07:52:26, Group_1
620, 426541_1006, 6, 31, 1, 澜笑, 0, 17999, 21848, 0, 2019-11-29 03:52:01, Group_4
621, 426494_1006, 6, 27, 1, 勇气之运动员, 不知火舞, 13819, 17700, 0, 2019-11-27 17:45:25, Group_2
622, 415878_1006, 6, 25, 1, 卖萌X哈密瓜, 撕裂, 12285, 14881, 0, 2019-11-27 00:04:25, Group_3
623, 406530_1006, 6, 21, 1, 疯狂_图图, 0, 5684, 7205, 0, 2019-11-27 11:12:37, Group_3
624, 426937_1006, 6, 27, 1, 国民老公, 0, 11465, 13860, 0, 2019-11-27 13:38:14, Group_1
625, 427118_1006, 6, 26, 1, 劉溢格, 白竹, 10198, 12234, 0, 2019-11-28 00:59:52, Group_3
626, 426997_1006, 6, 33, 1, 快活_欢子, 不知火舞, 15159, 20089, 0, 2019-11-30 10:29:06, Group_2
627, 426230_1006, 6, 35, 1, 崇高丶小萝莉, 魔门, 20002, 31312, 0, 2019-12-02 20:48:29, Group_4
628, 424421_1006, 6, 22, 1, 无聊之射手座, 强撸, 8610, 10036, 0, 2019-11-26 12:32:20, Group_4
629, 427418_1006, 6, 25, 1, 丶肌肉男, 0, 9452, 12227, 0, 2019-11-27 12:03:14, Group_2
630, 427640_1006, 6, 8, 1, 逍遥的天才, 0, 2287, 2272, 0, 2019-11-26 10:48:17, 
631, 426784_1006, 6, 25, 1, 无聊灬璨璨, 0, 10494, 12184, 0, 2019-11-28 00:59:51, Group_4
632, 427556_1006, 6, 23, 1, 幽默丨咖啡, 0, 9937, 11546, 0, 2019-11-27 01:20:58, Group_2
633, 425384_1006, 6, 26, 1, 毒辣灬晗晗, 强撸, 10869, 14586, 0, 2019-11-28 07:17:41, Group_4
634, 426843_1006, 6, 30, 1, 肚肚吖, 温文儒雅, 12619, 16406, 0, 2019-12-01 09:05:47, Group_3
635, 427686_1006, 6, 24, 1, 狡猾X怪兽, 洗洗睡, 11609, 14457, 0, 2019-11-27 02:21:06, Group_2
636, 428068_1006, 6, 25, 1, 完美丨小成, 1, 12515, 14334, 0, 2019-11-26 21:41:19, Group_4
637, 428161_1006, 6, 39, 2, 你的骑士pig, RAT, 32881, 45004, 0, 2019-12-03 15:51:45, Group_1
638, 411780_1006, 6, 28, 1, kimi, 天神主宰、, 13466, 16512, 0, 2019-11-27 12:42:41, Group_1
639, 428128_1006, 6, 14, 1, 残念的怪兽, 0, 3586, 3787, 0, 2019-11-26 12:55:45, 
640, 407829_1006, 6, 22, 1, 恋战丶, 南风, 9133, 10761, 0, 2019-11-26 13:44:57, Group_2
641, 365176_1006, 6, 24, 1, 养眼X御姐, 天神主宰、, 10679, 11623, 0, 2019-11-26 17:12:50, Group_1
642, 428442_1006, 6, 36, 1, 大娃娃, 小乐乐, 20738, 29698, 0, 2019-12-03 22:17:14, Group_1
643, 424519_1006, 6, 17, 1, 丨小黄瓜, 了哦哦, 4692, 5477, 0, 2019-11-26 13:33:53, Group_3
644, 424416_1006, 6, 28, 1, 恐怖丶金牛座, 撕裂, 14806, 20720, 0, 2019-11-27 10:10:54, Group_3
645, 424939_1006, 6, 32, 1, 不死原梅子, 神話, 13602, 16256, 0, 2019-12-02 16:47:09, Group_2
646, 382665_1006, 6, 36, 1, 蹲在坟头吓鬼, 强撸, 18313, 28602, 0, 2019-12-02 10:29:54, Group_4
647, 427549_1006, 6, 22, 1, 使徒玉, 0, 8834, 9815, 0, 2019-11-26 11:36:26, Group_4
648, 428071_1006, 6, 37, 1, 阔绰丨蜀黍, 天神主宰、, 27241, 39911, 0, 2019-12-03 18:34:56, Group_1
649, 428248_1006, 6, 31, 1, 南卡火神, 大蛇无双, 14191, 18364, 0, 2019-11-30 11:41:53, Group_2
650, 428979_1006, 6, 34, 1, 六歲少年, 0, 16158, 22195, 0, 2019-12-03 10:08:42, Group_4
651, 428585_1006, 6, 40, 2, 帝姬, 八神超玩会, 39442, 49803, 0, 2019-12-03 19:43:57, Group_3
652, 428940_1006, 6, 27, 1, 精明X复读机, 0, 11652, 14090, 0, 2019-11-27 06:50:13, Group_3
653, 428760_1006, 6, 27, 1, 丨雷雷, RAT, 11078, 12900, 0, 2019-11-27 09:29:02, Group_1
654, 429036_1006, 6, 6, 1, 火星灬小盆友, 0, 1365, 1365, 0, 2019-11-26 11:14:45, 
655, 428595_1006, 6, 25, 1, 狂野丶耳朵, 洗洗睡, 11030, 12686, 0, 2019-11-27 22:02:41, Group_2
656, 429310_1006, 6, 38, 2, 优美的总裁, 不知火舞, 34708, 47419, 0, 2019-12-03 12:54:55, Group_2
657, 427224_1006, 6, 33, 1, 云中漫步, 1, 16466, 21596, 0, 2019-12-03 00:57:48, Group_4
658, 429290_1006, 6, 24, 1, 凶狠之小元, 0, 10844, 11773, 0, 2019-11-26 18:06:48, Group_3
659, 429432_1006, 6, 35, 1, 我艹这年轻人, 0, 23583, 33883, 0, 2019-12-03 21:40:53, Group_2
660, 391068_1006, 6, 26, 1, 小丑, 洗洗睡, 14335, 19094, 0, 2019-11-27 13:55:52, Group_2
661, 429520_1006, 6, 29, 1, 幼稚灬香肠, 0, 11354, 14146, 0, 2019-11-29 09:27:57, Group_4
662, 426644_1006, 6, 32, 1, 彪悍的洛神, 不知火舞, 12924, 16900, 0, 2019-11-30 13:53:27, Group_2
663, 429624_1006, 6, 23, 1, 生涩_红帽, 1, 8712, 9488, 0, 2019-11-26 18:45:08, Group_4
664, 428779_1006, 6, 22, 1, 丨狼女, 0, 8814, 9089, 0, 2019-11-26 12:49:09, Group_4
665, 428116_1006, 6, 35, 1, 装酷_蜀黍, 白竹, 21597, 29955, 0, 2019-12-02 07:33:11, Group_3
666, 429599_1006, 6, 18, 1, X野人, uuu, 6500, 6853, 0, 2019-11-26 12:26:08, Group_3
667, 429528_1006, 6, 24, 1, 诙谐_吃货, 0, 11869, 13235, 0, 2019-11-26 19:50:03, Group_1
668, 379586_1006, 6, 27, 1, 颓废丨小胖墩, 祖师殿, 11684, 13930, 0, 2019-11-27 09:13:07, Group_2
669, 425509_1006, 6, 40, 1, 魁梧X海盗, 南风, 33855, 47684, 0, 2019-12-03 22:58:15, Group_2
670, 427975_1006, 6, 39, 1, 忠厚丶太阳, 鬼族, 33826, 49994, 0, 2019-12-02 12:58:33, Group_4
671, 394234_1006, 6, 39, 2, 阔气丶王子, RAT, 33364, 48356, 0, 2019-12-03 18:06:31, Group_1
672, 427608_1006, 6, 36, 1, 冥忆语, 刚刚, 25204, 35507, 0, 2019-12-02 12:17:15, Group_1
673, 372663_1006, 6, 32, 1, 阎羅王, 兄弟团, 19399, 24799, 0, 2019-11-28 17:59:18, Group_1
674, 414870_1006, 6, 28, 1, 毒辣丶, Hakuna, 12415, 13942, 0, 2019-11-27 21:06:49, Group_4
675, 430280_1006, 6, 17, 1, 镇定_小征, 冷眸, 5810, 5991, 0, 2019-11-26 16:31:12, Group_1
676, 430206_1006, 6, 37, 1, 恬淡X双子座, 高数, 29509, 43197, 0, 2019-12-03 18:39:43, Group_4
677, 136617_1006, 6, 24, 1, 氧气有毒, 0, 10705, 11731, 0, 2019-11-26 14:04:41, Group_2
678, 424804_1006, 6, 29, 1, 爽快的妹子, 不知火舞, 14266, 19482, 0, 2019-11-28 19:26:12, Group_2
679, 316677_1006, 6, 29, 1, 妖七, 04, 15885, 21369, 0, 2019-11-27 13:35:42, Group_2
680, 428635_1006, 6, 36, 1, 低调丨图图, 冠军?, 23558, 33413, 0, 2019-12-03 23:10:29, Group_1
681, 419302_1006, 6, 39, 2, 紧张灬总裁, 来吧！, 34596, 49451, 0, 2019-12-03 20:53:43, Group_3
682, 427528_1006, 6, 22, 1, 汉中王, 嘻嘻, 8816, 10007, 0, 2019-11-26 16:48:18, Group_1
683, 430121_1006, 6, 13, 1, 林野, 0, 4164, 4837, 0, 2019-11-26 11:58:00, 
684, 428731_1006, 6, 26, 1, 清新之, 嘻嘻, 11559, 13996, 0, 2019-11-27 08:29:17, Group_1
685, 426583_1006, 6, 24, 1, 逆天丶, 乐神, 12767, 14559, 0, 2019-11-26 21:08:52, Group_1
686, 430580_1006, 6, 28, 1, 灬弹幕党, 0, 14027, 17068, 0, 2019-11-27 20:49:21, Group_1
687, 430233_1006, 6, 31, 1, 忧郁丨草莓, 0, 10577, 12961, 0, 2019-12-03 21:26:03, Group_4
688, 429041_1006, 6, 38, 1, 清秀之猴子, 嘻嘻, 31133, 41185, 0, 2019-12-01 10:38:46, Group_1
689, 419861_1006, 6, 27, 1, 雪中悍刀行, 魔门, 11519, 13402, 0, 2019-11-27 11:49:17, Group_4
690, 410838_1006, 6, 23, 1, 暴躁_双鱼座, 5, 9061, 9261, 0, 2019-11-26 12:56:47, Group_4
691, 431040_1006, 6, 35, 1, 强硬的企鹅, 南风, 27152, 34252, 0, 2019-11-30 09:47:58, Group_2
692, 431011_1006, 6, 24, 1, 念灬冷锋, 冠军?, 12587, 14561, 0, 2019-11-26 20:55:49, Group_1
693, 424980_1006, 6, 30, 1, 亡者KYO, 千鹤乱舞, 14327, 18141, 0, 2019-11-28 11:28:32, Group_1
694, 424624_1006, 6, 25, 1, 无趣灬, 撕裂, 10866, 13099, 0, 2019-11-27 14:20:42, Group_3
695, 423914_1006, 6, 31, 1, 怪僻的运动员, 狂战魔焰, 11601, 13758, 0, 2019-12-03 00:11:20, Group_4
696, 429784_1006, 6, 24, 1, 娇羞X小妞, 鬼族, 7871, 9311, 0, 2019-11-27 07:05:32, Group_4
697, 425848_1006, 6, 41, 2, 2020暴富, 玉天宗, 39979, 51795, 0, 2019-12-03 19:49:08, Group_2
698, 428533_1006, 6, 36, 1, 狂热灬, 洗洗睡, 21673, 29643, 0, 2019-12-03 19:49:58, Group_2
699, 431015_1006, 6, 36, 1, 桑心丨女神, 黑夜降临, 20660, 29057, 0, 2019-12-03 19:25:15, Group_3
700, 383452_1006, 6, 34, 1, 犀利_瞎眼猴, 5, 20980, 29240, 0, 2019-11-30 22:02:28, Group_4
701, 427033_1006, 6, 41, 2, 超帅的霸霸, 魔门, 36864, 56750, 0, 2019-12-03 21:16:18, Group_4
702, 431152_1006, 6, 23, 1, 彪悍丨狮子座, 冷眸, 7192, 9011, 0, 2019-11-26 13:20:52, Group_1
703, 430512_1006, 6, 34, 1, 霸道的基友, 黑夜降临, 20919, 27355, 0, 2019-11-30 18:02:29, Group_3
704, 431018_1006, 6, 27, 1, 黑暗丨木瓜, *坤, 11382, 13212, 0, 2019-11-27 11:38:20, Group_4
705, 429911_1006, 6, 30, 1, 天然呆斯巴达, 八尺琼楼, 14631, 18982, 0, 2019-11-29 23:34:01, Group_3
706, 373248_1006, 6, 41, 2, 楓, 黑夜降临, 32714, 48775, 0, 2019-12-03 23:26:09, Group_3
707, 426226_1006, 6, 38, 1, 风騒的走位, 撕裂, 27903, 44053, 0, 2019-12-03 23:32:31, Group_3
708, 425803_1006, 6, 24, 1, 低调丶海盗, 八神魔, 9454, 10421, 0, 2019-11-26 14:22:33, Group_2
709, 410127_1006, 6, 24, 1, 戏柳, 04, 12713, 15845, 0, 2019-11-27 11:33:49, Group_2
710, 430690_1006, 6, 41, 2, 之御风者, 狼王兄弟军团, 41818, 60310, 0, 2019-12-03 23:37:25, Group_3
711, 429137_1006, 6, 36, 1, 你林哥, 来吧！, 23632, 36200, 0, 2019-12-03 14:00:55, Group_3
712, 365028_1006, 6, 38, 1, 矜持丨白风, 黑夜降临, 29515, 39547, 0, 2019-12-01 22:40:01, Group_3
713, 427027_1006, 6, 32, 1, 贪婪丶围观党, 白竹, 21302, 26557, 0, 2019-11-28 10:02:43, Group_3
714, 431446_1006, 6, 21, 1, 自觉强哥, 0, 6020, 5982, 0, 2019-11-26 14:41:46, Group_4
715, 428835_1006, 6, 29, 1, 高傲丨特工, 八神战队, 17124, 20579, 0, 2019-11-27 21:51:32, Group_2
716, 430562_1006, 6, 9, 1, 神气_风神, 0, 2224, 2210, 0, 2019-11-26 12:03:46, 
717, 430600_1006, 6, 42, 2, 凤舞, 名人堂, 41654, 54659, 0, 2019-12-03 23:34:16, Group_1
718, 428158_1006, 6, 14, 1, 玩玩而已, 0, 4018, 4200, 0, 2019-11-26 12:38:20, 
719, 419273_1006, 6, 34, 1, 愤怒红帽, 狂战魔焰, 20418, 25050, 0, 2019-12-03 11:26:17, Group_4
720, 431501_1006, 6, 32, 1, 拔尖丶牧师, 大蛇无双, 15189, 19536, 0, 2019-12-01 19:29:05, Group_2
721, 429422_1006, 6, 24, 1, 精悍的猴子, 0, 10670, 12535, 0, 2019-11-26 13:17:11, Group_1
722, 431586_1006, 6, 22, 1, 痛苦丶正太, 0, 6812, 7910, 0, 2019-11-27 19:14:27, Group_3
723, 431227_1006, 6, 21, 1, 暴躁丨达人, 黑夜降临, 8159, 8853, 0, 2019-11-26 16:53:35, Group_3
724, 432041_1006, 6, 6, 1, 暴力丨狼人, 0, 1112, 1112, 0, 2019-11-26 12:15:08, 
725, 431802_1006, 6, 17, 1, 长寿丶胖大白, 0, 4978, 5299, 0, 2019-11-26 12:43:23, 
726, 432070_1006, 6, 7, 1, 围观之大蛇, 0, 1235, 1235, 0, 2019-11-26 12:15:36, 
727, 432342_1006, 6, 18, 1, 优美的煎蛋, 0, 6099, 6059, 0, 2019-11-26 13:21:50, Group_4
728, 431232_1006, 6, 30, 1, 健壮丨小鬼, 快快乐乐, 11083, 13767, 0, 2019-12-02 14:02:25, Group_1
729, 32073_1006, 6, 33, 1, 阴暗之火丹, 0, 15812, 22867, 0, 2019-12-01 19:33:45, Group_2
730, 423616_1006, 6, 28, 1, 清新X主演, 鬼族, 13108, 17859, 0, 2019-11-27 22:06:11, Group_4
731, 432491_1006, 6, 36, 1, 皇上丶, 六芒星, 26728, 34277, 0, 2019-12-03 22:07:32, Group_3
732, 432214_1006, 6, 20, 1, 无趣丨菇凉, 狼王兄弟军团, 8550, 9070, 0, 2019-11-26 13:41:25, Group_3
733, 135861_1006, 6, 40, 2, 空虚_电猫, 不知火舞, 39323, 58357, 0, 2019-12-04 00:16:19, Group_2
734, 380608_1006, 6, 23, 1, 威武灬女汉子, 小乐乐, 8858, 9902, 0, 2019-11-26 13:55:37, Group_1
735, 426912_1006, 6, 34, 1, 青青草原, 水火不容, 20264, 27276, 0, 2019-12-02 13:22:32, Group_4
736, 421124_1006, 6, 41, 2, 無法無天, 撕裂, 42347, 66323, 0, 2019-12-03 20:59:55, Group_3
737, 430994_1006, 6, 31, 1, 低调灬, 八神魔, 10866, 14120, 0, 2019-11-30 09:16:49, Group_2
738, 432654_1006, 6, 6, 1, 微笑丶香蕉, 0, 1224, 1224, 0, 2019-11-26 12:37:35, 
739, 425968_1006, 6, 40, 2, 骄横丶大蛇, 鬼族, 37565, 54981, 0, 2019-12-03 13:26:19, Group_4
740, 433206_1006, 6, 12, 1, 调皮_欢子, 0, 4159, 4359, 0, 2019-11-26 14:40:29, 
741, 433096_1006, 6, 8, 1, 凌乱的蘑菇, 0, 1599, 1589, 0, 2019-11-26 12:41:54, 
742, 428311_1006, 6, 29, 1, 如鹿归林?, 1, 14726, 18055, 0, 2019-11-29 16:47:38, Group_4
743, 427933_1006, 6, 37, 1, 的绅士, RAT, 28429, 40411, 0, 2019-12-03 10:34:48, Group_1
744, 432822_1006, 6, 21, 1, 高傲的企鹅, 0, 6513, 7837, 0, 2019-11-27 12:38:26, Group_2
745, 433114_1006, 6, 28, 1, 冷漠_白狐, 了哦哦, 11418, 15491, 0, 2019-11-28 21:35:29, Group_3
746, 433482_1006, 6, 10, 1, 低调丶超人, 0, 3182, 3162, 0, 2019-11-26 12:59:35, 
747, 433368_1006, 6, 39, 1, 丨羊肉串, 快快乐乐, 33630, 49352, 0, 2019-12-02 12:12:00, Group_1
748, 433556_1006, 6, 10, 1, 神气丨金牛座, 0, 2614, 2597, 0, 2019-11-26 12:49:30, 
749, 433155_1006, 6, 30, 1, 千论, 八神魔, 11963, 14936, 0, 2019-12-01 17:19:07, Group_2
750, 117096_1006, 6, 39, 1, 床上老司机, 温文儒雅, 35970, 53668, 0, 2019-12-03 06:49:27, Group_3
751, 433491_1006, 6, 32, 1, 哀伤丨燕燕, 了哦哦, 13785, 17250, 0, 2019-12-02 17:40:01, Group_3
752, 427182_1006, 6, 23, 1, 元气丨, 0, 8927, 9153, 0, 2019-11-26 13:15:21, Group_1
753, 431545_1006, 6, 23, 1, 猖獗丶御姐, 0, 8046, 9727, 0, 2019-11-30 16:43:54, Group_4
754, 433715_1006, 6, 29, 1, 丨草仙, 咔咔咔, 13512, 15432, 0, 2019-11-28 23:06:54, Group_4
755, 4415_1006, 6, 33, 1, 辉夜, 八神庵, 19908, 26456, 0, 2019-11-29 16:37:32, Group_3
756, 433857_1006, 6, 21, 1, 痛快丶小黄瓜, 八神魔, 7595, 7943, 0, 2019-11-26 13:47:45, Group_2
757, 433879_1006, 6, 14, 1, 火星之, 0, 3716, 3691, 0, 2019-11-26 12:48:36, 
758, 433686_1006, 6, 24, 1, 调皮灬小虾米, *坤, 9322, 9842, 0, 2019-11-26 18:18:18, Group_4
759, 423804_1006, 6, 40, 2, 勇敢丨海盗, 我问心无愧, 32587, 45305, 0, 2019-12-03 23:21:09, Group_2
760, 432833_1006, 6, 29, 1, 热血丶小护士, 咔咔咔, 11637, 17029, 0, 2019-11-29 09:22:00, Group_4
761, 46405_1006, 6, 24, 1, 高贵丨宅女, RAT, 11920, 13607, 0, 2019-11-26 18:40:53, Group_1
762, 158729_1006, 6, 33, 1, 想飞的小鱼, 我问心无愧, 19301, 27105, 0, 2019-11-29 22:18:34, Group_2
763, 332672_1006, 6, 31, 1, 放荡X, 0, 18572, 24811, 0, 2019-11-28 10:06:10, Group_1
764, 434042_1006, 6, 34, 1, 镇定丨御风者, 八神战队, 20565, 28367, 0, 2019-12-03 09:06:16, Group_2
765, 410739_1006, 6, 18, 1, 悲伤的秋千, 我问心无愧, 6628, 6917, 0, 2019-11-26 12:43:33, Group_2
766, 431637_1006, 6, 41, 2, 火炎焱燚, 狂战魔焰, 36046, 50044, 0, 2019-12-03 23:05:27, Group_4
767, 434115_1006, 6, 32, 1, 花*院秀元, 快快乐乐, 16806, 22813, 0, 2019-11-29 09:44:00, Group_1
768, 427585_1006, 6, 24, 1, 机智_老司机, 0, 11511, 14080, 0, 2019-11-26 23:58:19, Group_4
769, 434327_1006, 6, 13, 1, 忧郁丶真真, 0, 3132, 3112, 0, 2019-11-26 13:19:11, 
770, 434170_1006, 6, 28, 1, 一心不问红尘事, 狂战魔焰, 10778, 12277, 0, 2019-11-28 13:19:55, Group_4
771, 425321_1006, 6, 22, 1, 刁钻_德古拉, 了哦哦, 887, 9685, 0, 2019-11-26 13:46:06, Group_3
772, 434393_1006, 6, 28, 1, 明天你好, 了哦哦, 15981, 18789, 0, 2019-11-27 13:36:53, Group_3
773, 420823_1006, 6, 42, 2, 虚伪灬真真, 烈焰, 36655, 55750, 0, 2019-12-03 21:46:52, Group_2
774, 428990_1006, 6, 35, 1, 妩媚丶王者, 鬼族, 19015, 27405, 0, 2019-12-02 07:21:39, Group_4
775, 433002_1006, 6, 28, 1, 气愤X火炮, 狂战魔焰, 13260, 16454, 0, 2019-11-27 14:08:36, Group_4
776, 434236_1006, 6, 24, 1, 糊涂的肌肉男, 0, 10092, 12394, 0, 2019-11-28 03:32:37, Group_1
777, 429050_1006, 6, 35, 1, 龍謌, 梦之队, 21962, 29646, 0, 2019-12-03 12:32:03, Group_4
778, 432425_1006, 6, 21, 1, 快活丨小元, 你还是不是男, 8807, 9047, 0, 2019-11-26 14:32:38, Group_4
779, 431872_1006, 6, 33, 1, 自觉灬酒徒, 狂战魔焰, 15210, 18462, 0, 2019-12-03 14:58:20, Group_4
780, 427106_1006, 6, 38, 2, 暴风七枷社, 鬼族, 27519, 41507, 0, 2019-12-03 21:54:45, Group_4
781, 435256_1006, 6, 32, 1, 傲娇X浩浩, 神話, 12066, 17112, 0, 2019-12-02 23:21:44, Group_2
782, 435154_1006, 6, 21, 1, 記憶, 祖师殿, 8697, 9420, 0, 2019-11-26 17:38:18, Group_2
783, 433008_1006, 6, 23, 1, 年少轻狂, 快快乐乐, 9277, 10714, 0, 2019-11-26 19:56:03, Group_1
784, 433487_1006, 6, 25, 1, 王志瑞, 六芒星, 11149, 13438, 0, 2019-11-27 12:11:13, Group_3
785, 379126_1006, 6, 19, 1, 柔弱灬道长, 八尺琼楼, 6374, 6630, 0, 2019-11-26 14:23:25, Group_3
786, 435092_1006, 6, 32, 1, 腹黑的扫把头, 了哦哦, 16797, 21691, 0, 2019-12-01 01:02:39, Group_3
787, 435343_1006, 6, 16, 1, 生涩草薙一族, 0, 3912, 4667, 0, 2019-11-26 13:51:55, 
788, 426039_1006, 6, 36, 1, 理想, 不知火舞, 23872, 35960, 0, 2019-12-04 00:33:04, Group_2
789, 435780_1006, 6, 32, 1, 勇敢X毅哥, 咔咔咔, 19802, 25791, 0, 2019-11-29 02:16:06, Group_4
790, 434499_1006, 6, 22, 1, 泪奔丶白狐, 0, 6884, 9803, 0, 2019-11-29 22:19:30, Group_3
791, 237154_1006, 6, 29, 1, 大方之老司机, 你还是不是男, 13527, 16865, 0, 2019-11-29 13:22:31, Group_4
792, 436003_1006, 6, 36, 1, 之酒徒, 八尺琼楼, 24499, 36120, 0, 2019-12-03 17:10:20, Group_3
793, 435949_1006, 6, 13, 1, 魁梧的萝莉控, 0, 3294, 3274, 0, 2019-11-26 13:48:13, 
794, 432112_1006, 6, 25, 1, 柳臣次, 0, 13259, 15849, 0, 2019-11-26 22:53:07, Group_1
795, 435933_1006, 6, 17, 1, 死神来了, 强烈队伍, 5140, 5426, 0, 2019-11-26 14:25:17, Group_2
796, 435903_1006, 6, 21, 1, 孽, 0, 8549, 8501, 0, 2019-11-26 20:36:00, Group_1
797, 375930_1006, 6, 39, 1, 残暴灬, 刚刚, 33646, 49357, 0, 2019-12-03 17:54:46, Group_1
798, 428825_1006, 6, 37, 1, 倾城之小虾米, RAT, 28643, 38502, 0, 2019-12-02 07:56:30, Group_1
799, 435469_1006, 6, 24, 1, 碉堡_豆沙包, 狂战魔焰, 11614, 14173, 0, 2019-11-27 00:09:07, Group_4
800, 435515_1006, 6, 16, 1, 风一样的汉子, 0, 4226, 4201, 0, 2019-11-26 18:33:02, 
801, 435076_1006, 6, 21, 1, 慷慨_帅帅, 狂战魔焰, 7545, 8214, 0, 2019-11-26 14:38:51, Group_4
802, 435869_1006, 6, 26, 1, 稳重丶卤肉面曦, 八尺琼楼, 12374, 14301, 0, 2019-11-27 18:03:10, Group_3
803, 435875_1006, 6, 24, 1, 潇洒灬, 快快乐乐, 10385, 13388, 0, 2019-11-26 15:48:49, Group_1
804, 436006_1006, 6, 14, 1, 气愤灬, 0, 2787, 3389, 0, 2019-12-01 14:11:35, 
805, 432907_1006, 6, 22, 1, 神气的手残党, 我问心无愧, 8179, 8978, 0, 2019-11-26 15:17:58, Group_2
806, 423270_1006, 6, 12, 1, 高傲丶毅哥, 0, 2274, 2260, 0, 2019-11-26 13:42:08, 
807, 433696_1006, 6, 23, 1, 颓废X草莓, 冠军?, 9319, 11036, 0, 2019-11-26 14:16:54, Group_1
808, 429046_1006, 6, 22, 1, 机智御姐, 04, 9595, 11752, 0, 2019-11-26 14:28:03, Group_2
809, 431813_1006, 6, 31, 1, 刘白江, 烈焰, 19276, 24828, 0, 2019-11-28 20:39:10, Group_2
810, 166058_1006, 6, 36, 1, 围观_然然, 狂战魔焰, 21939, 29982, 0, 2019-12-03 13:55:43, Group_4
811, 431417_1006, 6, 24, 1, 凶悍_, 冷眸, 10903, 13372, 0, 2019-11-26 15:05:33, Group_1
812, 435221_1006, 6, 30, 1, 元气_总旗, 六芒星, 14698, 17690, 0, 2019-11-28 22:21:52, Group_3
813, 433080_1006, 6, 34, 1, 绿叶丨, 撕裂, 19740, 26325, 0, 2019-12-04 01:54:16, Group_3
814, 427673_1006, 6, 33, 1, 正直之天蝎座, 狂战魔焰, 13739, 16283, 0, 2019-12-03 10:23:43, Group_4
815, 373465_1006, 6, 33, 1, 悲伤之小虾米, 洗洗睡, 19771, 24026, 0, 2019-11-30 12:02:14, Group_2
816, 429082_1006, 6, 27, 1, 稳重之铁拳, 0, 8630, 11152, 0, 2019-12-03 12:38:49, Group_4
817, 426312_1006, 6, 37, 1, 星马烈, 风风??飍飍, 31072, 40908, 0, 2019-11-30 13:53:09, Group_2
818, 432430_1006, 6, 34, 1, 坚硬丶御姐, 我问心无愧, 23483, 30643, 0, 2019-12-02 01:00:20, Group_2
819, 434671_1006, 6, 22, 1, 南风霁月, 我问心无愧, 10488, 11981, 0, 2019-11-26 20:24:26, Group_2
820, 428065_1006, 6, 41, 2, 孤独与诗, 八神超玩会, 41992, 58477, 0, 2019-12-04 00:58:14, Group_3
821, 430706_1006, 6, 40, 2, 旺盛的木瓜, 汇编成册不会, 34873, 45244, 0, 2019-12-03 23:50:00, Group_3
822, 434714_1006, 6, 33, 1, 得意X番茄, 0, 13809, 18244, 0, 2019-12-03 00:13:31, Group_3
823, 434788_1006, 6, 20, 1, 星空夜, 0, 7470, 7857, 0, 2019-11-26 17:20:56, Group_1
824, 153977_1006, 6, 31, 1, 装酷_王者, 鬼族, 18510, 23895, 0, 2019-11-28 15:01:16, Group_4
825, 435507_1006, 6, 29, 1, 抽象丨小蜜马甲, 我问心无愧, 13569, 18085, 0, 2019-11-27 22:16:27, Group_2
826, 435541_1006, 6, 14, 1, 浪漫校长, 0, 4414, 4388, 0, 2019-11-26 14:30:19, 
827, 430219_1006, 6, 41, 2, 事了佛衣去, 八神超玩会, 46947, 60931, 0, 2019-12-03 23:31:42, Group_3
828, 430017_1006, 6, 24, 1, 泽十一, 0, 8374, 9187, 0, 2019-11-27 11:50:16, Group_1
829, 430874_1006, 6, 41, 1, 洒脱丨, 鬼族, 39297, 52332, 0, 2019-12-03 22:59:09, Group_4
830, 435690_1006, 6, 29, 1, 超级丶煎蛋, 八尺琼楼, 13784, 17856, 0, 2019-11-27 15:06:34, Group_3
831, 436000_1006, 6, 34, 1, 油腻灬天秤座, 0, 17059, 21370, 0, 2019-11-30 22:20:46, Group_3
832, 433934_1006, 6, 38, 2, 秀逗灬大菠萝, 嘻嘻, 26035, 37297, 0, 2019-12-03 06:46:14, Group_1
833, 433755_1006, 6, 24, 1, 最叼至尊, 大蛇无双, 9619, 11895, 0, 2019-11-27 00:52:50, Group_2
834, 433945_1006, 6, 32, 1, 丶国宝, 0, 18814, 25061, 0, 2019-11-29 11:40:57, Group_4
835, 429765_1006, 6, 35, 1, 有才灬国宝, 我问心无愧, 24878, 37429, 0, 2019-12-03 01:47:43, Group_2
836, 422755_1006, 6, 32, 1, 风的记忆, 汇编成册不会, 16588, 25028, 0, 2019-11-29 08:38:37, Group_3
837, 420174_1006, 6, 41, 2, 凌乱_凹凸曼, 名人堂, 38963, 50462, 0, 2019-12-04 00:51:28, Group_1
838, 421712_1006, 6, 7, 1, 装酷X小羚, 0, 1695, 1695, 0, 2019-11-27 09:09:10, 
839, 411729_1006, 6, 41, 2, 狗安倍, 高数, 40626, 55668, 0, 2019-12-03 22:54:12, Group_4
840, 432948_1006, 6, 41, 2, 强烈丶番番, 汇编成册不会, 37020, 49975, 0, 2019-12-04 00:00:52, Group_3
841, 427173_1006, 6, 35, 1, 强横基友, 我问心无愧, 23454, 30424, 0, 2019-12-02 10:52:14, Group_2
842, 424735_1006, 6, 41, 2, 朕丶赐你一夜, 玉天宗, 39800, 58456, 0, 2019-12-04 01:27:24, Group_2
843, 381276_1006, 6, 28, 1, 爱宝贝熊熊超, 神話, 14066, 16766, 0, 2019-11-28 00:59:51, Group_2
844, 395789_1006, 6, 41, 2, 机灵丨狼人, 名人堂, 42593, 54587, 0, 2019-12-03 21:45:50, Group_1
845, 429796_1006, 6, 31, 1, 活泼之基友, 0, 14563, 21110, 0, 2019-11-28 23:12:33, Group_2
846, 430792_1006, 6, 18, 1, 光神雷雷, 0, 6350, 6899, 0, 2019-11-26 15:56:24, Group_1
847, 421559_1006, 6, 26, 1, 冷酷丨红帽, 0, 12484, 15066, 0, 2019-11-27 18:25:00, Group_1
848, 430679_1006, 6, 36, 1, 矜持X小成, 我问心无愧, 22927, 32868, 0, 2019-12-03 18:23:51, Group_2
849, 425507_1006, 6, 21, 1, 余生，请指教, 0, 6667, 7524, 0, 2019-11-28 09:16:40, Group_2
850, 407835_1006, 6, 31, 1, 动心不动情, 千鹤乱舞, 18196, 23185, 0, 2019-11-28 14:23:52, Group_1
851, 423664_1006, 6, 41, 2, 顽皮的总督, 哦啊, 30950, 47123, 0, 2019-12-04 01:15:47, Group_2
852, 427657_1006, 6, 34, 1, 寂寞X瞎眼猴, 0, 16392, 22953, 0, 2019-12-03 17:25:23, Group_1
853, 434645_1006, 6, 29, 1, 天然呆丨小红帽, 来吧！, 16055, 20801, 0, 2019-11-28 00:36:44, Group_3
854, 430052_1006, 6, 38, 1, 04鹿, 04, 32042, 44224, 0, 2019-12-03 17:51:44, Group_2
855, 426042_1006, 6, 16, 1, 强力之主角, 0, 6718, 7092, 0, 2019-11-26 16:01:54, 
856, 435238_1006, 6, 36, 1, 逍遥X王者, 八神庵, 23080, 33790, 0, 2019-12-03 19:58:17, Group_3
857, 435776_1006, 6, 33, 1, 优秀灬蘑菇, 不知火舞, 13517, 18538, 0, 2019-12-03 16:00:40, Group_2
858, 428049_1006, 6, 38, 1, 调皮X御风者, 来吧！, 29955, 43729, 0, 2019-12-03 10:21:42, Group_3
859, 432804_1006, 6, 37, 1, 鲁莽丶, 来吧！, 27412, 41987, 0, 2019-12-03 17:43:01, Group_3
860, 431502_1006, 6, 26, 1, 暴躁小泽, 0, 11274, 13749, 0, 2019-11-29 02:00:16, Group_2
861, 435657_1006, 6, 27, 1, 只想跟个哥, 快快乐乐, 14945, 18564, 0, 2019-11-27 18:43:30, Group_1
862, 424112_1006, 6, 40, 2, 调皮之帅帅, 八神庵, 35491, 48542, 0, 2019-12-03 19:54:40, Group_3
863, 430046_1006, 6, 29, 1, 伟大丶飞飞, 冷眸, 17473, 24449, 0, 2019-11-28 04:29:45, Group_1
864, 433801_1006, 6, 24, 1, 灬队长, 神話, 11594, 12865, 0, 2019-11-26 21:06:43, Group_2
865, 427456_1006, 6, 39, 2, 残念丨咖啡, 刚刚, 36758, 49279, 0, 2019-12-04 03:26:04, Group_1
866, 430481_1006, 6, 23, 1, 热情丶大菠萝, 来吧！, 9333, 9272, 0, 2019-11-26 17:04:39, Group_3
867, 436029_1006, 6, 23, 1, 辻?紧扣, 黑夜降临, 5104, 5371, 0, 2019-11-28 23:27:57, Group_3
868, 421675_1006, 6, 34, 1, 纠结丨红风, 冷眸, 18686, 25015, 0, 2019-12-01 17:30:07, Group_1
869, 430638_1006, 6, 28, 1, 伤感灬, Hakuna, 14959, 19483, 0, 2019-11-29 03:14:03, Group_4
870, 428701_1006, 6, 22, 1, 无悔, 0, 6401, 7429, 0, 2019-11-27 12:47:33, Group_1
871, 422046_1006, 6, 33, 1, 橘夏, 刘新宇潘爽, 18537, 27729, 0, 2019-12-01 08:17:59, Group_3
872, 430779_1006, 6, 42, 2, 英俊X耳朵, 5, 42694, 66188, 1, 2019-12-04 00:29:44, Group_4
873, 424891_1006, 6, 32, 1, 刁钻灬水瓶座, 祖师殿, 11394, 14383, 0, 2019-12-02 18:12:50, Group_2
874, 423906_1006, 6, 39, 1, 妖, 千鹤乱舞, 33894, 52521, 0, 2019-12-03 21:31:57, Group_1
875, 424825_1006, 6, 32, 1, 无双灬正太, 祖师殿, 16671, 23480, 0, 2019-11-29 08:47:40, Group_2
876, 432058_1006, 6, 25, 1, 强劲丨红人, 祖师殿, 13571, 16603, 0, 2019-11-27 00:21:11, Group_2
877, 432241_1006, 6, 29, 1, 泪奔之猴子, 不知火舞, 12135, 15255, 0, 2019-11-27 12:10:41, Group_2
878, 428397_1006, 6, 29, 1, 暴走大蛇, 0, 12505, 15694, 0, 2019-11-27 14:39:39, Group_1
879, 422373_1006, 6, 25, 1, 凶狠恐龙, 0, 8737, 10139, 0, 2019-11-28 18:36:49, Group_4
880, 433415_1006, 6, 33, 1, loveljq, 鬼族, 13607, 18930, 0, 2019-12-02 21:18:41, Group_4
881, 430730_1006, 6, 17, 1, 勇气之小护士, 0, 4862, 5156, 0, 2019-11-26 18:14:23, Group_3
882, 431202_1006, 6, 35, 1, 粗犷灬女仆, Hakuna, 25701, 34893, 0, 2019-12-04 03:10:08, Group_4
883, 426253_1006, 6, 31, 1, 慷慨丶草莓, 天神主宰、, 15782, 20243, 0, 2019-11-29 20:43:20, Group_1
884, 422261_1006, 6, 24, 1, 尹福伦, 0, 6444, 7055, 0, 2019-11-26 20:01:34, Group_1
885, 428559_1006, 6, 30, 1, 阿旸的后宫., 洗洗睡, 16391, 22401, 0, 2019-11-28 10:13:36, Group_2
886, 423891_1006, 6, 33, 1, 腼腆X小帅哥, 0, 13932, 16273, 0, 2019-12-03 22:28:27, Group_4
887, 432252_1006, 6, 27, 1, 让你三十招, 六芒星, 12002, 14147, 0, 2019-11-27 20:56:02, Group_3
888, 430677_1006, 6, 29, 1, 微笑天蝎座, 你还是不是男, 14167, 18368, 0, 2019-11-28 14:46:36, Group_4
889, 432332_1006, 6, 39, 1, 阔绰的风圣, killer, 29127, 40552, 0, 2019-12-03 22:25:23, Group_3
890, 421331_1006, 6, 41, 2, 强壮的午夜党, 名人堂, 38684, 57017, 0, 2019-12-04 03:57:03, Group_1
891, 423307_1006, 6, 34, 1, 草京忌, 哦啊, 19548, 27310, 0, 2019-12-01 08:32:38, Group_2
892, 434799_1006, 6, 25, 1, 尊贵X火男, 0, 9744, 12311, 0, 2019-12-02 19:49:06, Group_1
893, 434909_1006, 6, 41, 1, 二次元灬, 高数, 40772, 61026, 0, 2019-12-03 23:36:51, Group_4
894, 427401_1006, 6, 34, 1, 骄傲灬熊孩子, 不知火舞, 24258, 34218, 0, 2019-11-29 22:48:27, Group_2
895, 431365_1006, 6, 38, 1, 丶美人, 04, 29437, 46296, 0, 2019-12-03 19:23:58, Group_2
896, 431529_1006, 6, 32, 1, 哈喽, 咔咔咔, 18178, 22740, 0, 2019-11-29 07:16:37, Group_4
897, 432766_1006, 6, 37, 1, 怪僻_双鱼座, 八神战队, 27040, 38006, 0, 2019-12-03 19:03:31, Group_2
898, 52840_1006, 6, 39, 2, 素颜X萝莉控, 咔咔咔, 33086, 51721, 0, 2019-12-03 13:22:16, Group_4
899, 434743_1006, 6, 27, 1, 中枪丨八酱, 了哦哦, 14131, 17678, 0, 2019-11-28 00:03:25, Group_3
900, 426177_1006, 6, 36, 1, 疯粑粑, 六芒星, 22383, 30891, 0, 2019-12-02 22:26:32, Group_3
901, 434118_1006, 6, 31, 1, 泪奔灬红风, 水花兄弟, 17067, 22593, 0, 2019-11-29 20:37:25, Group_1
902, 434881_1006, 6, 40, 2, 拽拽_红帽, 高数, 37148, 52487, 0, 2019-12-03 08:06:30, Group_4
903, 426103_1006, 6, 40, 2, 天佑林哥, 黑夜降临, 35621, 50444, 0, 2019-12-04 02:10:19, Group_3
904, 434469_1006, 6, 25, 1, 狂野丶老鸟, 千鹤乱舞, 9173, 11861, 0, 2019-11-27 10:56:45, Group_1
905, 180833_1006, 6, 17, 1, 丨超人, 风风??飍飍, 5723, 5693, 0, 2019-11-26 20:10:06, Group_2
906, 428753_1006, 6, 34, 1, 集结号, killer, 21426, 31822, 0, 2019-11-30 22:47:27, Group_3
907, 431059_1006, 6, 40, 2, 魔神阿波*, 1, 32688, 47005, 0, 2019-12-03 14:25:56, Group_4
908, 431085_1006, 6, 25, 1, 沉默X丫头, 0, 9958, 12305, 0, 2019-11-29 13:05:00, Group_1
909, 434380_1006, 6, 41, 2, 无敌小老鼠, 小乐乐, 37655, 53202, 0, 2019-12-03 21:39:38, Group_1
910, 427379_1006, 6, 39, 1, 尘心, RAT, 32912, 51113, 0, 2019-12-03 22:13:26, Group_1
911, 194312_1006, 6, 16, 1, 霸气丶狼王, 0, 4274, 4247, 0, 2019-11-26 21:23:14, 
912, 433447_1006, 6, 39, 1, 威风的小鬼, uuu, 33555, 45930, 0, 2019-12-03 20:56:35, Group_3
913, 432046_1006, 6, 33, 1, 圆滑丨豆包, 5, 16198, 22247, 0, 2019-11-30 19:03:19, Group_4
914, 434231_1006, 6, 38, 1, 杀神, 鬼族, 29925, 40258, 0, 2019-12-03 20:48:47, Group_4
915, 432780_1006, 6, 29, 1, 妖艳丶, 六芒星, 14244, 19394, 0, 2019-11-27 20:49:02, Group_3
916, 427770_1006, 6, 37, 1, 酷酷_香皂, 乐神, 29545, 43173, 0, 2019-12-01 09:51:12, Group_1
917, 435194_1006, 6, 38, 2, 乐观X巨蟹座, 狂战魔焰, 28518, 40005, 0, 2019-12-03 23:01:15, Group_4
918, 380257_1006, 6, 28, 1, 粗犷灬天才, 鬼族, 15609, 20100, 0, 2019-11-27 13:15:26, Group_4
919, 407776_1006, 6, 38, 2, 超级丨金刚, 千鹤乱舞, 33039, 45631, 0, 2019-12-04 01:15:00, Group_1
920, 423323_1006, 6, 39, 2, 倾城X大蛇, 来吧！, 35028, 49543, 0, 2019-12-03 21:01:23, Group_3
921, 421933_1006, 6, 32, 1, 顽皮丶太阳, 梦之队, 18591, 24362, 0, 2019-11-30 08:09:22, Group_4
922, 425213_1006, 6, 12, 1, 狼也孤独, 0, 3837, 3813, 0, 2019-11-26 22:05:20, 
923, 432481_1006, 6, 34, 1, 骄横丨御风者, 天神主宰、, 22456, 32246, 0, 2019-12-01 03:31:15, Group_1
924, 428225_1006, 6, 39, 2, 鲁莽战神, 玉天宗, 28737, 36142, 0, 2019-12-03 21:20:26, Group_2
925, 434016_1006, 6, 23, 1, 文艺_火炮, 0, 6658, 8545, 0, 2019-11-27 10:06:24, Group_2
926, 435261_1006, 6, 41, 2, 元气灬双鱼座, killer, 44907, 65190, 0, 2019-12-03 19:23:52, Group_3
927, 433678_1006, 6, 22, 1, 勇猛灬天秤座, 0, 6477, 7307, 0, 2019-11-30 12:35:35, Group_2
928, 180738_1006, 6, 32, 1, 残酷战神, 水花兄弟, 13461, 16149, 0, 2019-11-30 16:28:09, Group_1
929, 435876_1006, 6, 34, 1, 无语之传奇, 高数, 22274, 31587, 0, 2019-12-04 03:47:21, Group_4
930, 427570_1006, 6, 33, 1, 脱裤子放屁, 来吧！, 21378, 27252, 0, 2019-11-29 17:12:46, Group_3
931, 425354_1006, 6, 25, 1, 头痛_总经理, 白竹, 10659, 12643, 0, 2019-11-26 23:43:06, Group_3
932, 426192_1006, 6, 38, 2, 奇异将军, 水花兄弟, 29633, 44308, 0, 2019-12-04 00:17:30, Group_1
933, 435843_1006, 6, 26, 1, 忠厚灬番茄, 0, 13392, 16621, 0, 2019-11-28 23:10:01, Group_1
934, 429878_1006, 6, 41, 2, 秀逗灬二娃, 大蛇无双, 42444, 56969, 0, 2019-12-03 21:49:08, Group_2
935, 436043_1006, 6, 32, 1, 苏楠, 温文儒雅, 22393, 29875, 0, 2019-11-28 20:06:11, Group_3
936, 429205_1006, 6, 40, 2, 代号c, 嘻嘻, 30077, 45569, 0, 2019-12-03 22:41:36, Group_1
937, 433039_1006, 6, 28, 1, 得意X金针菇, 八神魔, 12648, 16306, 0, 2019-11-27 08:23:26, Group_2
938, 432562_1006, 6, 32, 1, 热情X火种, 0, 19861, 25117, 0, 2019-11-29 13:38:05, Group_4
939, 435612_1006, 6, 22, 1, 油腻X二娃, 0, 6647, 7625, 0, 2019-11-27 10:38:56, Group_2
940, 434147_1006, 6, 41, 2, 残暴X小红帽, 风风??飍飍, 35190, 56610, 0, 2019-12-03 23:33:08, Group_2
941, 433326_1006, 6, 33, 1, 拽拽之陌哩, 刚刚, 14787, 20885, 0, 2019-12-03 14:09:54, Group_1
942, 429037_1006, 6, 32, 1, 开心_然然, 来吧！, 15049, 19437, 0, 2019-11-30 22:49:28, Group_3
943, 426338_1006, 6, 31, 1, 愤怒灬大魔王, 0, 13909, 18121, 0, 2019-12-03 15:53:59, Group_3
944, 427998_1006, 6, 24, 1, 寂寞灬小鬼, 0, 5543, 6179, 0, 2019-11-27 23:46:47, Group_1
945, 427563_1006, 6, 35, 1, keep丶迷恋, 1, 23769, 30026, 0, 2019-12-01 07:43:48, Group_4
946, 424305_1006, 6, 34, 1, 守鹤., 水火不容, 20663, 31862, 0, 2019-11-30 14:33:56, Group_4
947, 427080_1006, 6, 38, 1, 鲁莽丶浩浩, 不知火舞, 31938, 45484, 0, 2019-12-03 23:57:33, Group_2
948, 435972_1006, 6, 31, 1, 嘻哈丶囡囡修*, 快快乐乐, 15676, 23462, 0, 2019-11-28 16:44:13, Group_1
949, 434924_1006, 6, 38, 1, 热血灬主演, 嘻嘻, 32295, 42429, 0, 2019-12-03 23:55:09, Group_1
950, 434144_1006, 6, 14, 1, 无趣X天秤座, 0, 3780, 3757, 0, 2019-11-28 10:21:29, 
951, 431043_1006, 6, 40, 1, 小鱼儿, 水花兄弟, 32880, 52402, 0, 2019-12-03 23:51:07, Group_1
952, 435725_1006, 6, 28, 1, 挺拔灬趴趴熊, 撕裂, 13344, 15497, 0, 2019-11-28 12:47:38, Group_3
953, 421886_1006, 6, 40, 2, 钦街贵爺, 刘新宇潘爽, 36718, 55758, 0, 2019-12-03 09:58:21, Group_3
954, 434030_1006, 6, 38, 1, 悲观_双子, 高数, 32798, 48820, 0, 2019-12-03 20:02:43, Group_4
955, 426407_1006, 6, 30, 1, 猖獗丨妹纸, *坤, 16398, 24277, 0, 2019-11-28 14:15:47, Group_4
956, 430869_1006, 6, 29, 1, 恬淡_帅帅, 兄弟团, 16481, 19985, 0, 2019-11-30 15:34:26, Group_1
957, 426115_1006, 6, 23, 1, 无双之狼女, 0, 8430, 11204, 0, 2019-11-27 01:42:27, Group_1
958, 423978_1006, 6, 31, 1, 思念, uuu, 12136, 15569, 0, 2019-12-03 09:52:05, Group_3
959, 421283_1006, 6, 14, 1, 热血丨王子, 0, 4158, 5529, 0, 2019-12-02 07:13:06, 
960, 427540_1006, 6, 23, 1, 头痛灬手残党, 0, 8475, 9492, 0, 2019-11-27 14:34:49, Group_1
961, 431393_1006, 6, 29, 1, 逆天丨煎蛋, 冠军?, 13098, 15429, 0, 2019-11-29 10:10:15, Group_1
962, 435887_1006, 6, 39, 1, 犀利之叉烧包, 风风??飍飍, 35016, 49650, 0, 2019-12-03 22:58:33, Group_2
963, 432084_1006, 6, 39, 1, 论道X咖啡, 了哦哦, 29529, 43240, 0, 2019-12-03 23:35:02, Group_3
964, 422924_1006, 6, 33, 1, 酷酷丨萝莉, 兄弟团, 15934, 19056, 0, 2019-12-02 22:37:35, Group_1
965, 428274_1006, 6, 34, 1, 尛坏坏, killer, 17315, 27068, 0, 2019-12-03 12:07:01, Group_3
966, 424587_1006, 6, 37, 1, 亮亮, 天神主宰、, 23122, 33968, 0, 2019-12-03 08:38:18, Group_1
967, 427309_1006, 6, 37, 1, 天然呆宅女, 祖师殿, 27827, 42961, 0, 2019-12-02 15:27:54, Group_2
968, 423791_1006, 6, 35, 1, *****滑滑, 玉天宗, 23561, 32325, 0, 2019-12-03 21:46:48, Group_2
969, 249369_1006, 6, 35, 1, 小尛麦婷, 冷眸, 27017, 35140, 0, 2019-11-30 23:43:39, Group_1
970, 422648_1006, 6, 35, 1, 心痛还会痛, 千鹤乱舞, 20146, 28646, 0, 2019-12-03 14:12:45, Group_1
971, 428672_1006, 6, 36, 1, 崇高达人, 撕裂, 24062, 37450, 0, 2019-12-03 23:15:43, Group_3
972, 428464_1006, 6, 37, 1, 逆天风神, 神話, 29125, 41889, 0, 2019-12-04 01:22:47, Group_2
973, 433149_1006, 6, 38, 1, 好强大蛇, 大蛇无双, 31311, 45924, 0, 2019-12-03 18:33:40, Group_2
974, 424697_1006, 6, 38, 1, 郁闷丨怪兽, 名人堂, 36067, 46375, 0, 2019-12-01 21:28:40, Group_1
975, 429921_1006, 6, 36, 1, 低调丶香皂, 我问心无愧, 27372, 39997, 0, 2019-11-30 11:33:02, Group_2
976, 423681_1006, 6, 30, 1, 威武_雷雷, 0, 11409, 14699, 0, 2019-11-30 10:14:30, Group_3
977, 435775_1006, 6, 39, 1, 桑心X达人, 1, 30582, 41941, 0, 2019-12-03 21:29:30, Group_4
978, 433338_1006, 6, 39, 2, 碉堡丶电神, 刚刚, 38653, 52496, 0, 2019-12-03 21:15:22, Group_1
979, 431986_1006, 6, 36, 1, 世墨, 水火不容, 24703, 38390, 0, 2019-12-03 22:22:42, Group_4
980, 430689_1006, 6, 33, 1, 拜金_小强, Hakuna, 17046, 24731, 0, 2019-12-01 20:12:47, Group_4
981, 433973_1006, 6, 38, 2, 自满之烙印者, 水花兄弟, 32148, 48782, 0, 2019-12-03 11:40:25, Group_1
982, 434451_1006, 6, 26, 1, 颓废X欢子, 冠军?, 11713, 14462, 0, 2019-11-27 11:53:41, Group_1
983, 429790_1006, 6, 41, 2, 辉少1991, 刚刚, 36888, 52568, 0, 2019-12-04 00:21:06, Group_1
984, 182217_1006, 6, 35, 1, 糊涂X小伙伴, 八神庵, 17988, 26277, 0, 2019-12-03 08:33:45, Group_3
985, 425593_1006, 6, 29, 1, 萝莉, 冷眸, 13968, 17322, 0, 2019-11-28 11:26:29, Group_1
986, 424229_1006, 6, 38, 1, 旺盛_酒鬼, 狼王兄弟军团, 28106, 44244, 0, 2019-12-03 14:54:24, Group_3
987, 430255_1006, 6, 32, 1, 拳王, 0, 12020, 14659, 0, 2019-12-04 01:51:25, Group_2
988, 434094_1006, 6, 37, 1, 大土豆, 刚刚, 29114, 41799, 0, 2019-12-03 23:02:46, Group_1
989, 420999_1006, 6, 38, 1, 风动水流, 梦之队, 28782, 42001, 0, 2019-12-01 10:34:07, Group_4
990, 431521_1006, 6, 25, 1, 奚磊, 0, 8897, 11101, 0, 2019-11-27 12:13:07, Group_1
991, 423760_1006, 6, 35, 1, 老司机, 0, 23424, 32371, 0, 2019-12-01 08:57:25, Group_3
992, 433082_1006, 6, 21, 1, 暴力丨爪挠, 0, 6298, 7339, 0, 2019-11-28 00:28:48, Group_3
993, 387701_1006, 6, 42, 2, 甜美的香肠, 汇编成册不会, 46094, 69230, 0, 2019-12-04 01:32:42, Group_3
994, 426393_1006, 6, 37, 1, 淘气丨熊猫, 刚刚, 26223, 36726, 0, 2019-12-03 09:12:39, Group_1
995, 422974_1006, 6, 40, 1, 火神乀烬, 八神战队, 37969, 59621, 0, 2019-12-03 22:45:13, Group_2
996, 431837_1006, 6, 37, 1, 灬小猴子, 八尺琼楼, 25414, 37813, 0, 2019-12-03 22:11:59, Group_3
997, 433640_1006, 6, 41, 2, 火星的羊驼, 名人堂, 38664, 58203, 0, 2019-12-04 02:54:06, Group_1
998, 435627_1006, 6, 40, 2, 画丨水墨江山, 刚刚, 40101, 52227, 0, 2019-12-03 14:51:57, Group_1
999, 421162_1006, 6, 37, 1, 颓废X大菠萝, 撕裂, 28124, 39209, 0, 2019-12-03 13:19:36, Group_3
1000, 433287_1006, 6, 30, 1, 自觉香皂, 南风, 11338, 15028, 0, 2019-11-30 21:17:15, Group_2
1001, 432991_1006, 6, 27, 1, 拜金丶御风者, 撕裂, 6361, 7819, 0, 2019-11-30 12:45:07, Group_3
1002, 426961_1006, 6, 30, 1, 清新的灰机, 水火不容, 13824, 16044, 0, 2019-12-02 11:08:15, Group_4
1003, 426667_1006, 6, 37, 1, 神秘香皂, 魔门, 31998, 42671, 0, 2019-12-04 02:27:17, Group_4
1004, 424594_1006, 6, 25, 1, 我丢, 0, 10368, 12955, 0, 2019-11-27 16:40:16, Group_4
1005, 431464_1006, 6, 39, 1, 神魔霸气, 狼王兄弟军团, 37575, 52630, 0, 2019-12-03 23:17:51, Group_3
1006, 433888_1006, 6, 36, 1, 6弄死你123, 0, 25382, 38469, 0, 2019-12-03 18:46:37, Group_4
1007, 435906_1006, 6, 22, 1, 彪悍X豆包, 0, 6721, 8702, 0, 2019-11-27 19:57:30, Group_3
1008, 423047_1006, 6, 39, 1, 威风灬羊驼, 鬼族, 31695, 40478, 0, 2019-12-04 03:21:01, Group_4
1009, 433145_1006, 6, 35, 1, 强力的龙龙, 祖师殿, 17315, 22395, 0, 2019-12-03 11:10:51, Group_2
1010, 430386_1006, 6, 29, 1, 腹黑丶楠楠, 冠军?, 16353, 24311, 0, 2019-11-28 08:20:11, Group_1
1011, 423815_1006, 6, 24, 1, 李筱灬刚, 0, 9757, 10838, 0, 2019-11-28 00:49:14, Group_1
1012, 423507_1006, 6, 28, 1, 美丽丶, 六芒星, 13523, 19087, 0, 2019-11-28 07:58:15, Group_3
1013, 428419_1006, 6, 37, 1, 轮回丶道长, 玉天宗, 23263, 37474, 0, 2019-12-04 02:54:10, Group_2
1014, 431613_1006, 6, 20, 1, 元气之萧风, 0, 4788, 5063, 0, 2019-11-30 14:10:14, Group_2
1015, 428629_1006, 6, 39, 1, kiss?维, 1, 34478, 48930, 0, 2019-12-04 03:06:45, Group_4
1016, 424745_1006, 6, 39, 1, 你*草雉京, 玉天宗, 35111, 49813, 0, 2019-12-03 18:38:59, Group_2
1017, 423252_1006, 6, 34, 1, 伤感太阳, RAT, 21553, 30204, 0, 2019-12-02 21:37:44, Group_1
1018, 434686_1006, 6, 29, 1, 斗***杰帝, 嘻嘻, 14287, 19932, 0, 2019-11-29 15:53:04, Group_1
1019, 431042_1006, 6, 38, 1, 我滴怪, 了哦哦, 29326, 45023, 0, 2019-12-03 12:17:41, Group_3
1020, 421488_1006, 6, 40, 2, 狡猾灬雷雷, 水花兄弟, 36699, 53196, 0, 2019-12-03 12:21:49, Group_1
1021, 420977_1006, 6, 37, 1, 浪漫灬红领巾, uuu, 25634, 34713, 0, 2019-12-03 08:39:16, Group_3
1022, 424350_1006, 6, 41, 2, 运吉超人, 玉天宗, 37559, 54119, 0, 2019-12-04 00:52:23, Group_2
1023, 435153_1006, 6, 21, 1, 墨家小飞, 0, 7509, 8926, 0, 2019-11-30 09:04:07, Group_1
1024, 206150_1006, 6, 27, 1, 霸道X凹凸曼, 0, 10864, 13299, 0, 2019-11-28 09:24:12, Group_2
1025, 425337_1006, 6, 41, 2, 狡猾大魔王, 南风, 39160, 55384, 0, 2019-12-03 23:09:10, Group_2
1026, 429311_1006, 6, 35, 1, 愤怒的大炮, 白竹, 25545, 33753, 0, 2019-12-03 02:39:51, Group_3
1027, 431727_1006, 6, 40, 1, 二次元石头, 强撸, 41692, 58253, 0, 2019-12-03 20:04:17, Group_4
1028, 434851_1006, 6, 31, 1, 无聊之草仙, 0, 12526, 18064, 0, 2019-12-02 14:13:32, Group_2
1029, 432363_1006, 6, 38, 1, 热情灬, 咔咔咔, 31516, 47282, 0, 2019-12-03 21:04:27, Group_4
1030, 430396_1006, 6, 35, 1, 安静丶, 梦之队, 21087, 31040, 0, 2019-12-02 17:32:17, Group_4
1031, 434659_1006, 6, 25, 1, 灬战神, 0, 8600, 10365, 0, 2019-11-30 12:17:51, Group_3
1032, 429013_1006, 6, 41, 2, 胖子小飞, 5, 38957, 57952, 0, 2019-12-03 21:36:49, Group_4
1033, 429654_1006, 6, 7, 1, 蛮横的王者, 0, 1634, 1751, 0, 2019-11-28 13:18:22, 
1034, 428351_1006, 6, 41, 2, 忧郁番茄, 小乐乐, 42924, 62533, 0, 2019-12-03 23:17:37, Group_1
1035, 424978_1006, 6, 38, 1, 粗鲁斗士, 风风??飍飍, 27965, 39949, 0, 2019-12-03 23:38:33, Group_2
1036, 422758_1006, 6, 24, 1, 妖艳丨老鸟, 我问心无愧, 7003, 8533, 0, 2019-11-30 08:37:07, Group_2
1037, 423712_1006, 6, 39, 1, 绿叶灬酒鬼, 水花兄弟, 27521, 40305, 0, 2019-12-03 05:46:38, Group_1
1038, 422726_1006, 6, 34, 1, 孤独丨总裁, 快快乐乐, 22028, 34969, 0, 2019-11-30 21:26:39, Group_1
1039, 421244_1006, 6, 36, 1, 油腻丶, 嘻嘻, 26123, 40612, 0, 2019-12-03 08:40:53, Group_1
1040, 435628_1006, 6, 28, 1, 骄傲趴趴熊, 0, 6567, 8428, 0, 2019-11-29 22:27:35, Group_2
1041, 435414_1006, 6, 39, 1, 傲娇的羊肉串, uuu, 33139, 49622, 0, 2019-12-03 22:22:54, Group_3
1042, 422495_1006, 6, 40, 2, 丶毅哥, 水火不容, 38523, 55702, 0, 2019-12-03 14:23:59, Group_4
1043, 420877_1006, 6, 38, 1, 诙谐_青青, 水花兄弟, 30241, 47580, 0, 2019-12-02 19:10:06, Group_1
1044, 428435_1006, 6, 36, 1, 之浩浩, 我问心无愧, 23130, 34001, 0, 2019-12-03 18:03:19, Group_2
1045, 425094_1006, 6, 21, 1, 逆袭的太阳神, 0, 8137, 9367, 0, 2019-12-03 08:55:07, Group_4
1046, 114939_1006, 6, 41, 2, 赤色彗星, 八神超玩会, 42488, 59507, 0, 2019-12-03 23:36:38, Group_3
1047, 424235_1006, 6, 36, 1, 完美图图, 强撸, 25621, 38469, 0, 2019-12-02 11:01:45, Group_4
1048, 434229_1006, 6, 39, 1, 暴力灬白风, killer, 34355, 43718, 0, 2019-12-04 02:58:17, Group_3
1049, 431329_1006, 6, 37, 1, 二次元灬洛神, *坤, 27826, 37782, 0, 2019-12-03 23:12:15, Group_4
1050, 249780_1006, 6, 26, 1, 活跃之魔王, 鬼族, 12063, 15214, 0, 2019-12-01 05:55:36, Group_4
1051, 430773_1006, 6, 35, 1, 骑着蜗牛撩妹, 来吧！, 20719, 33151, 0, 2019-12-03 19:23:36, Group_3
1052, 431599_1006, 6, 37, 1, love-yo, 狼王兄弟军团, 27397, 39679, 0, 2019-12-03 15:37:08, Group_3
1053, 429403_1006, 6, 36, 1, 泪目的主角, uuu, 24022, 36164, 0, 2019-12-03 15:02:24, Group_3
1054, 434594_1006, 6, 36, 1, 凶残_图图, 南风, 25850, 34473, 0, 2019-12-03 23:04:51, Group_2
1055, 424081_1006, 6, 41, 2, 二次元灬将军, 玉天宗, 27106, 45115, 0, 2019-12-03 15:31:31, Group_2
1056, 431147_1006, 6, 39, 1, 燕赤霞, 04, 33917, 50790, 0, 2019-12-03 21:19:02, Group_2
1057, 427207_1006, 6, 39, 1, 不会97, 天神主宰、, 34107, 48659, 0, 2019-12-03 21:24:52, Group_1
1058, 112632_1006, 6, 33, 1, 唏嘘的羊驼, 了哦哦, 18991, 26046, 0, 2019-11-29 21:04:49, Group_3
1059, 429793_1006, 6, 41, 2, 纠结_小萝莉, 咔咔咔, 35998, 54462, 0, 2019-12-03 23:53:15, Group_4
1060, 433352_1006, 6, 40, 1, 魔王, 名人堂, 32736, 54069, 0, 2019-12-03 21:15:22, Group_1
1061, 132894_1006, 6, 41, 2, 海飞丝, 哦啊, 36038, 52638, 0, 2019-12-03 22:30:13, Group_2
1062, 423457_1006, 6, 37, 1, 折翼的基友, 八神战队, 29049, 44218, 0, 2019-12-04 00:52:25, Group_2
1063, 435450_1006, 6, 19, 1, 亮眼丶草仙, 0, 3350, 3727, 0, 2019-11-29 21:19:36, Group_3
1064, 425252_1006, 6, 29, 1, 挺拔丶运动员, 0, 10911, 12778, 0, 2019-12-03 15:59:46, Group_2
1065, 426757_1006, 6, 38, 1, _狼王, 咔咔咔, 27725, 41302, 0, 2019-12-03 11:46:13, Group_4
1066, 430190_1006, 6, 31, 1, 无双丨将军, 0, 11214, 17187, 0, 2019-12-02 14:45:31, Group_1
1067, 432634_1006, 6, 41, 2, 凌乱灬, 八神战队, 36969, 52297, 0, 2019-12-03 21:35:01, Group_2
1068, 401751_1006, 6, 34, 1, 痛快灬基友, 了哦哦, 18620, 29084, 0, 2019-12-02 12:51:33, Group_3
1069, 432646_1006, 6, 31, 1, 莫名X红帽, 刚刚, 16504, 22344, 0, 2019-12-01 14:53:15, Group_1
1070, 421328_1006, 6, 31, 1, 流云X, 八神庵, 11025, 15124, 0, 2019-12-02 01:08:23, Group_3
1071, 427990_1006, 6, 37, 1, 石洋, 南风, 26972, 38963, 0, 2019-12-03 13:04:10, Group_2
1072, 421699_1006, 6, 39, 1, 清风杀戮, 梦之队, 34297, 49637, 0, 2019-12-03 22:16:18, Group_4
1073, 435454_1006, 6, 38, 1, 野蛮_香皂, 八尺琼楼, 24585, 39019, 0, 2019-12-03 16:23:02, Group_3
1074, 422322_1006, 6, 31, 1, 之伪装者, 0, 11065, 14325, 0, 2019-12-03 14:54:22, Group_3
1075, 434091_1006, 6, 39, 1, 困倦的大菠萝, 魔门, 32803, 46496, 0, 2019-12-02 13:13:50, Group_4
1076, 423822_1006, 6, 39, 1, 有力太阳神, 千鹤乱舞, 38245, 56573, 0, 2019-12-03 20:19:49, Group_1
1077, 426093_1006, 6, 33, 1, 狂野火种, 你还是不是男, 16754, 26304, 0, 2019-12-02 18:57:32, Group_4
1078, 431500_1006, 6, 35, 1, 清新丶冰女, 鬼族, 26534, 37604, 0, 2019-12-04 00:38:20, Group_4
1079, 420940_1006, 6, 36, 1, 有才丨天秤座, 0, 20108, 33553, 0, 2019-12-04 02:10:27, Group_2
1080, 425890_1006, 6, 35, 1, 灬黑道, 白竹, 22106, 28945, 0, 2019-12-04 03:17:25, Group_3
1081, 426941_1006, 6, 37, 1, 颓废丨黑道, 风风??飍飍, 28466, 42498, 0, 2019-12-02 06:27:52, Group_2
1082, 427479_1006, 6, 38, 1, 江湖灬名言, 水花兄弟, 29418, 46707, 0, 2019-12-03 19:00:38, Group_1
1083, 431414_1006, 6, 41, 1, 泪奔X白富美, 来吧！, 34255, 45826, 0, 2019-12-04 04:30:47, Group_3
1084, 429961_1006, 6, 26, 1, 放荡丶女王, 0, 9609, 12615, 0, 2019-12-01 05:39:03, Group_1
1085, 432864_1006, 6, 39, 1, 反手一拐爪, 狼王兄弟军团, 29141, 44116, 0, 2019-12-03 14:29:27, Group_3
1086, 427526_1006, 6, 37, 1, 壬聿, uuu, 21651, 33164, 0, 2019-12-03 21:57:26, Group_3
1087, 422971_1006, 6, 39, 1, 蛮横灬战神, 汇编成册不会, 28276, 44547, 0, 2019-12-03 18:52:06, Group_3
1088, 432740_1006, 6, 39, 1, 怪僻灬榴莲, 刚刚, 36028, 53772, 0, 2019-12-04 01:41:44, Group_1
1089, 430302_1006, 6, 40, 2, 丨小美女, *坤, 37642, 54256, 0, 2019-12-04 01:04:42, Group_4
1090, 423663_1006, 6, 31, 1, 旋风无敌腿, 0, 12867, 16123, 0, 2019-12-01 15:02:44, Group_2
1091, 428393_1006, 6, 38, 1, 寂寞灬阳阳, 刘新宇潘爽, 27994, 42652, 0, 2019-12-03 08:51:03, Group_3
1092, 426895_1006, 6, 26, 1, 忧郁灬达人, 0, 9989, 12581, 0, 2019-12-03 13:14:39, Group_3
1093, 427342_1006, 6, 40, 2, 偌汐, 烈焰, 30155, 43942, 0, 2019-12-03 18:13:44, Group_2
1094, 426998_1006, 6, 37, 1, 流云_野人, 刚刚, 31975, 43946, 0, 2019-12-04 02:09:36, Group_1
1095, 423937_1006, 6, 30, 1, 诙谐的阳阳, 风风??飍飍, 10763, 16431, 0, 2019-12-02 02:38:33, Group_2
1096, 430183_1006, 6, 39, 1, 有才_阳阳, 快快乐乐, 25727, 42693, 0, 2019-12-04 00:58:51, Group_1
1097, 424925_1006, 6, 30, 1, 残暴总旗, 快快乐乐, 11921, 15725, 0, 2019-12-04 02:31:49, Group_1
1098, 423907_1006, 6, 40, 2, 不听话打屁屁, 高数, 40276, 56289, 0, 2019-12-03 22:25:28, Group_4
1099, 427415_1006, 6, 19, 1, 超级丨帅帅, 0, 5025, 5858, 0, 2019-12-02 15:30:31, Group_1
1100, 435829_1006, 6, 38, 1, 重口味之道长, 刘新宇潘爽, 36106, 46800, 0, 2019-12-03 22:31:44, Group_3
1101, 422828_1006, 6, 40, 2, 英俊丨道长, 八神庵, 30842, 46473, 0, 2019-12-04 01:39:44, Group_3
1102, 428322_1006, 6, 38, 1, 初音未来公主, Hakuna, 26806, 43265, 0, 2019-12-04 03:12:24, Group_4
1103, 433544_1006, 6, 35, 1, 大家法官大帝, 六芒星, 18697, 27572, 0, 2019-12-03 07:11:28, Group_3
1104, 422655_1006, 6, 40, 2, 虚伪灬喵星人, 水花兄弟, 36142, 53247, 0, 2019-12-04 00:04:03, Group_1
1105, 431226_1006, 6, 24, 1, 快乐丶小妞, 0, 5993, 7479, 0, 2019-12-03 22:29:06, Group_1
1106, 427650_1006, 6, 35, 1, 嚣张的电猫猫兔, 水花兄弟, 24810, 38411, 0, 2019-12-04 01:16:47, Group_1
1107, 420856_1006, 6, 40, 1, 高傲之小黄瓜, 刘新宇潘爽, 36465, 47640, 0, 2019-12-03 22:15:48, Group_3
1108, 429513_1006, 6, 33, 1, 骄横_草根, 哦啊, 16311, 22886, 0, 2019-12-03 13:12:06, Group_2
1109, 427837_1006, 6, 37, 1, 霸道丶洛神, 祖师殿, 24921, 36727, 0, 2019-12-03 18:21:10, Group_2
1110, 435394_1006, 6, 37, 1, 猖獗_绿豆饼, 八尺琼楼, 22848, 34023, 0, 2019-12-03 12:06:24, Group_3
1111, 430759_1006, 6, 21, 1, 未来_魔王, 0, 5365, 6740, 0, 2019-12-03 14:44:52, Group_4
1112, 429018_1006, 6, 27, 1, 晓东真的很猛, 梦之队, 12687, 17330, 0, 2019-12-04 03:24:00, Group_4
1113, 429179_1006, 6, 33, 1, 开心灬电神, 快快乐乐, 13758, 18095, 0, 2019-12-03 15:46:31, Group_1
1114, 429772_1006, 6, 40, 2, 活泼丶小泽, 兄弟团, 32113, 49737, 0, 2019-12-03 22:55:03, Group_1
1115, 428977_1006, 6, 38, 1, 神的叹息, 乐神, 27428, 41610, 0, 2019-12-03 19:59:16, Group_1
1116, 429287_1006, 6, 36, 1, 二师兄, 5, 23567, 33640, 0, 2019-12-03 22:02:33, Group_4
1117, 422300_1006, 6, 38, 1, 郁闷_白风, 小乐乐, 27199, 40043, 0, 2019-12-04 00:16:14, Group_1
1118, 427257_1006, 6, 41, 2, 勋, 八神超玩会, 43452, 65614, 0, 2019-12-04 04:41:36, Group_3
1119, 432829_1006, 6, 34, 1, 哀伤丨独眼龙, 名人堂, 16555, 27673, 0, 2019-12-04 00:50:48, Group_1
